Series,Date,PM,NO,NO2,Nox,NH3,SO2,CO,Ozone,Benzene,Toluene,MP-Xylene,O Xylene,Temperature,RH,WS,WD,SR,BP,VWS,RF,Mixing Height 
1,01-Jan-2019 - 00:00,233.39,55.37,104.26,159.63,16.2,15.99,0.24,36.77,13.11,25.28,5.19,3.02,16.96,55.5,0.3,232.41,134.26,1014.88,0.03,0,0.692308
2,02-Jan-2019 - 00:00,186.17,52.19,104.27,156.46,17.49,13.76,0.25,40.69,12.16,27.97,4.15,2.42,17.68,54.62,0.27,216.2,133.73,1014.5,0.04,0,0.692308
3,03-Jan-2019 - 00:00,299.45,172.4,155.54,327.94,10.76,27.58,0.24,35.37,26.11,39.69,8.79,8.83,17.32,58.46,0.2,227.11,115.84,1015.01,0.04,0,0.692308
4,04-Jan-2019 - 00:00,302.08,73.25,108.25,178.71,27.43,17,0.25,50.86,22.48,32.74,7.14,11.7,16.99,53.11,0.3,173.11,119.79,1015.65,0.04,0,0.692308
5,05-Jan-2019 - 00:00,253.62,72.53,113.37,185.9,23.85,14.53,0.24,31.54,17.24,36.83,6.04,3.57,17.28,56.68,0.22,218.55,135.57,1014,0.03,0,0.692308
6,06-Jan-2019 - 00:00,183.18,65.59,97.73,163.32,23.44,15.06,0.25,30.72,14.09,19.89,5.53,4.17,17.97,56.97,0.22,202.06,147.05,1012.12,0.04,0,0.692308
7,07-Jan-2019 - 00:00,179.81,109.34,128.39,234.54,22.78,18.96,0.24,27.47,21.01,28.74,8.03,11.41,18.54,57.03,0.22,253.37,144.08,1010.27,0.04,0,0.692308
8,08-Jan-2019 - 00:00,191.1,97.21,73.15,164.26,23.23,18.48,0.26,33.68,18.21,44.76,6.91,3.66,18.16,57.81,0.32,245.89,120.23,1009.84,0.06,0,0.692308
9,09-Jan-2019 - 00:00,206.16,117.88,51.19,163.19,18.68,17.79,0.24,41.03,19.37,35.14,7.42,3.39,18.04,58.92,0.22,240.78,110.12,1011.28,0.04,0,0.692308
10,10-Jan-2019 - 00:00,263.23,51.16,85.58,136.74,14.89,15.95,0.24,53.41,22.62,35.92,6.58,7.24,17.48,58.99,0.32,180.51,116.58,991,0.04,0,0.692308
11,11-Jan-2019 - 00:00,249.44,86.88,68.84,155.11,15.5,19.73,0.25,57.66,23.79,42.93,7.14,6.34,17.19,52.58,0.29,184.23,123.77,1012.75,0.03,0,0.692308
12,12-Jan-2019 - 00:00,258.72,157.42,58.13,210.7,10.51,16.5,0.25,38.06,22.36,53.46,7.7,4.64,17.78,58.28,0.26,233.05,119.83,1012.5,0.04,0,0.692308
13,13-Jan-2019 - 00:00,255.18,128.11,62.12,178.93,13.14,15.19,0.24,39.47,20.42,22.85,4.38,4.85,18.11,58.65,0.2,196.92,124.07,1012.26,0.04,0,0.692308
14,14-Jan-2019 - 00:00,287.23,120.01,104.64,224.5,14.36,25.4,0.24,35.77,26.3,40.22,8.83,4.46,18.5,60.49,0.2,193.06,85.2,1010.78,0.04,0,0.692308
15,15-Jan-2019 - 00:00,221.79,26.06,86.45,112.51,36.96,15.85,0.16,41.36,16.39,33.7,6.26,3.66,18.31,51.61,0.3,182.3,112.2,1012.43,0.04,0,0.692308
16,16-Jan-2019 - 00:00,193.07,74.5,41.36,99.9,43.36,23.94,0.94,45.87,14.42,22.45,5.29,2.56,16.92,46.83,0.45,193.21,138.64,1012.87,0.03,0,0.692308
17,17-Jan-2019 - 00:00,257.62,163.57,38.75,163.52,57.23,34.43,1.19,30.36,29.25,38.14,9.37,7.15,16.94,51.79,0.3,226.9,128.22,1010.56,0.03,0,0.692308
18,18-Jan-2019 - 00:00,292.88,133.81,55.29,144.84,54.14,23.39,1.3,37.3,25.56,45.5,10.02,5.46,17.69,59.2,0.31,197.31,115.24,1010.62,0.04,0,0.692308
19,19-Jan-2019 - 00:00,318.5,187.03,45.98,175.92,56.56,23.23,1.45,28.02,30.91,57.22,12.15,6.05,17.64,55.67,0.26,215.16,118.47,1011.98,0.04,0,0.692308
20,20-Jan-2019 - 00:00,311.63,135.62,39.83,157.32,47.74,20.02,1.27,29.17,27.13,34.28,9.73,6.29,17.95,58.97,0.21,187.79,112,1012.07,0.04,0,0.692308
21,21-Jan-2019 - 00:00,317.42,235.36,31.51,215.42,54.22,20.4,1.62,29.54,32.7,45.74,12.38,7.57,18.55,59.14,0.24,191.59,111.77,1011.69,0.04,0,0.692308
22,22-Jan-2019 - 00:00,334.92,214.82,57.88,232.37,50.94,22.85,1.59,31.02,63.77,76.55,15.49,10.1,19.08,59.38,0.2,124.6,109.73,1011.72,0.04,0,0.692308
23,23-Jan-2019 - 00:00,341.61,245.2,44.62,259.11,31.03,15.11,1.92,28.79,64.02,77.1,16.12,11.73,19.88,60.18,0.24,104.04,113.34,1011.4,0.03,0,0.692308
24,24-Jan-2019 - 00:00,256.49,111.26,67.06,168.49,34.17,17.02,1.09,29.02,34.06,36.08,8.18,7.03,20.6,59.57,0.34,147.13,104.73,1011.95,0.03,0,0.692308
25,25-Jan-2019 - 00:00,188.25,43.4,72.83,116.24,29.9,10.54,0.64,30.57,7.51,8.07,1.68,1.76,20.72,59.47,0.52,125.78,114.65,1012.54,0.03,0,0.692308
26,26-Jan-2019 - 00:00,147.17,11.8,66.46,78.26,24.32,12.86,0.37,29.58,2.18,2.32,0.55,0.48,21.05,58.28,0.58,179.97,104.9,1012.61,0.03,0,0.692308
27,27-Jan-2019 - 00:00,142.08,13.58,76.12,89.71,21.14,15.58,0.43,23.64,1.29,1.12,0.31,0.3,20.78,59.43,0.44,228.56,87.73,1012.76,0.03,0,0.692308
28,28-Jan-2019 - 00:00,136.44,18.83,76.19,95.02,19.67,12.28,0.31,21.08,0.73,0.94,0.23,0.23,19.35,66.14,0.37,258.74,71.62,1013.23,0.03,0,0.692308
29,29-Jan-2019 - 00:00,118.72,16.69,79.76,96.44,18.62,11,0.45,27.22,0.6,0.92,0.3,0.37,18.39,49.45,0.41,235.9,112.47,1012.96,0.03,0,0.692308
30,30-Jan-2019 - 00:00,125.18,14.97,88.22,103.19,16.37,14.73,0.48,24.73,0.4,0.68,0.19,0.19,17.03,41.14,0.32,216.17,137.4,1014.71,0.03,0,0.692308
31,31-Jan-2019 - 00:00,179.44,87.83,74.2,161.62,15.32,16.5,0.75,25.72,0.72,0.58,0.19,0.22,17.92,53.57,0.56,159.66,121.3,1013.58,0.03,0,0.692308
32,01-Feb-2019 - 00:00,187.74,61.76,83.93,143.98,18.29,14.12,0.79,23.6,0.36,0.45,0.16,0.18,19.22,53.86,0.22,199.27,115.67,1011.65,0.04,0,1.4972
33,02-Feb-2019 - 00:00,307.95,193.51,67.7,244.86,14.97,17.86,1.47,21.95,0.4,0.38,0.15,0.19,19.71,54.11,0.26,163.89,117.39,1010.66,0.03,0,1.4972
34,03-Feb-2019 - 00:00,227.04,142.96,68.44,209.47,14.1,14.81,1.57,21.67,0.23,0.23,0.1,0.1,20.33,50.7,0.32,172.88,123.68,1012.78,0.03,0,1.4972
35,04-Feb-2019 - 00:00,203.24,80.9,91.32,172.2,17.47,15.08,1.25,19.2,0.17,0.14,0.06,0.08,20.54,48.08,0.26,183.95,120.19,1014.03,0.03,0,1.4972
36,05-Feb-2019 - 00:00,195.78,106.58,79.03,185.33,14.69,19.38,1.22,19.53,0.2,0.23,0.1,0.12,19.82,50.44,0.3,214.29,122.3,1012.44,0.04,0,1.4972
37,06-Feb-2019 - 00:00,241.3,115.02,112.99,226.51,17.68,19.09,1.53,19.06,0.16,0.14,0.06,0.07,20.52,50.82,0.3,186.28,115.26,1009.68,0.04,0,1.4972
38,07-Feb-2019 - 00:00,212.89,51.22,126.46,177.68,31.86,19.57,1.26,29.21,0.1,0.08,0.03,0.04,21.77,52.86,0.24,101.7,103.63,1010.06,0.04,0,1.4972
39,08-Feb-2019 - 00:00,200.99,12.86,110.07,122.94,37.04,16.22,1.05,40.29,0.09,0.07,0.03,0.03,22.56,57.95,0.6,117.52,80.24,1010.32,0.03,0,1.4972
40,09-Feb-2019 - 00:00,135.34,3.26,49.42,52.67,32.02,7.65,0.64,41.4,0.08,0.07,0.03,0.02,20.75,66.05,0.65,138.16,91.87,1010.92,0.03,0,1.4972
41,10-Feb-2019 - 00:00,70.67,4.58,67.01,71.59,23.93,7.05,0.53,35.8,0.07,0.07,0.03,0.03,19.44,49.37,0.37,223.4,141.34,1014.38,0.03,0,1.4972
42,11-Feb-2019 - 00:00,111.71,3.75,75.05,78.8,25.86,11.3,0.69,34.41,0.07,0.07,0.02,0.02,19.19,49.62,0.33,152.92,146.94,1014.36,0.02,0,1.4972
43,12-Feb-2019 - 00:00,151.58,37.31,117.71,155.01,21.36,12.31,0.86,26.09,0.07,0.07,0.02,0.02,20.01,47.58,0.36,199.98,144.24,1014.86,0.03,0,1.4972
44,13-Feb-2019 - 00:00,153.7,111.65,129.02,240.25,19.92,14.63,1.21,27.58,0.07,0.06,0.02,0.02,20.82,48.25,0.36,169.73,138.44,1014.05,0.03,0,1.4972
45,14-Feb-2019 - 00:00,227.18,129.22,150.3,279.53,22.16,21.13,1.35,26.47,0.07,0.06,0.02,0.02,21.93,49.73,0.3,201.69,130.57,1011.33,0.03,0,1.4972
46,15-Feb-2019 - 00:00,263.55,123.8,137.16,260.95,30.59,18.14,1.39,31.34,0.06,0.05,0.02,0.02,22.62,53.55,0.29,180.58,124.93,1010.69,0.03,0,1.4972
47,16-Feb-2019 - 00:00,147.9,31.05,117.3,148.36,29.31,16.07,0.99,23.28,0.05,0.05,0.02,0.01,21.18,60.32,0.63,220.59,87.42,1010.28,0.03,0,1.4972
48,17-Feb-2019 - 00:00,124.2,8.24,89.82,98.06,27.55,13.42,0.77,29.15,0.05,0.04,0.01,0.01,21.84,57.99,0.53,220.46,126.37,1007.08,0.03,0,1.4972
49,18-Feb-2019 - 00:00,141.6,20.58,104.09,124.67,21.86,10.69,0.92,28.62,0.04,0.04,0.01,0.02,20.98,47.12,0.5,164.54,133.01,1007.32,0.03,0,1.4972
50,19-Feb-2019 - 00:00,199.16,27.45,130.53,157.99,27.39,18.98,0.93,29.05,1.33,3.62,0.44,0.34,22.9,56.75,0.59,194.02,125.58,1008.81,0.02,0,1.4972
51,20-Feb-2019 - 00:00,129.53,7.19,73.63,80.78,42.24,11.85,0.75,32.88,0.77,4.83,0.52,0.66,24.6,60,0.59,205.07,128.38,1011.39,0.03,0,1.4972
52,21-Feb-2019 - 00:00,201.6,60.31,121.5,181.81,27.41,23.53,1.11,29.37,0.67,3.06,0.3,0.24,24.52,53.27,0.38,216.35,125.32,1011.93,0.03,0,1.4972
53,22-Feb-2019 - 00:00,120.92,14.36,87.1,101.45,35.58,19.94,0.68,25.03,0,0,,,24.97,67.44,0.63,214.98,126.3,1008.08,0.03,0,1.4972
54,23-Feb-2019 - 00:00,133.56,14.12,101.48,115.6,27.84,15.48,0.88,30.33,,,,,26.07,56.35,0.38,225.35,124.43,1005.8,0.02,0,1.4972
55,24-Feb-2019 - 00:00,127.12,7.38,66.52,73.9,30.02,9.79,0.65,38.54,,,,,25.23,42.21,0.64,134.51,132.08,1006.29,0.03,0,1.4972
56,25-Feb-2019 - 00:00,102.37,7.61,79.54,87.15,32.36,8.15,0.67,27.11,,,,,19.56,77.79,0.83,173.04,97.82,1007.17,0.03,0.01,1.4972
57,26-Feb-2019 - 00:00,62.53,5.11,45.73,50.84,29.2,3.54,0.49,24.95,0,0,,,19.34,88.04,0.68,124.96,60.29,995.87,0.03,0.26,1.4972
58,27-Feb-2019 - 00:00,40.06,6.15,51.52,57.68,23.6,3.81,0.42,27.11,13.71,20.8,1.81,0.98,19.95,85.06,0.83,166.83,129.45,1005.72,0.03,0.16,1.4972
59,28-Feb-2019 - 00:00,51.11,14.3,59.24,73.54,20.78,4.65,0.6,22.98,6.5,13.15,1.29,0.57,19.22,86.11,0.4,183.27,89.53,1006.72,0.03,0.11,1.4972
60,01-Mar-2019 - 00:00,78.72,31.51,74.52,106.03,15.87,7.13,0.71,29.92,7.11,9.97,1.59,0.59,19.21,59.35,0.53,125.34,202.03,999.76,0.03,0,1.4972
61,02-Mar-2019 - 00:00,108.32,31.05,79.58,110.64,23.76,7.32,0.83,31.93,10.21,15.2,2.19,0.74,19.74,52.95,0.44,124,169.39,1010.11,0.03,0,1.4972
62,03-Mar-2019 - 00:00,148.06,31.03,111.29,142.32,27.66,10.2,1.01,29.44,12.62,16.23,2.95,0.9,21.28,53.06,0.22,195.81,147.23,1006.99,0.04,0,1.4972
63,04-Mar-2019 - 00:00,129.69,5.49,72.47,77.95,38.57,9.18,0.65,28.49,11.25,14.13,1.83,0.75,22.85,77.94,0.56,193.72,95.1,1003.73,0.02,0,1.4972
64,05-Mar-2019 - 00:00,75.28,6.92,52.25,59.17,33.78,6.9,0.62,26.74,10.6,14.91,2.11,0.97,23.04,78.36,0.58,124.33,108.82,1002.6,0,0.21,1.4972
65,06-Mar-2019 - 00:00,92.49,5.51,50.38,55.87,32.18,7.73,0.79,32.5,7.62,12.75,2.05,0.94,23.11,74.53,0.49,104.29,125.5,1004.45,0,0,1.4972
66,07-Mar-2019 - 00:00,104.85,6.83,69.68,76.6,33.84,8.41,0.78,28.49,7.56,19.46,2.84,1.16,22.64,55.38,0.75,146.48,156.17,1006.43,0,0,1.4972
67,08-Mar-2019 - 00:00,101.45,32.22,114.74,146.94,39.22,10.39,0.96,17.78,21.98,32.7,5.12,2.02,23.12,46.14,0.33,192.64,175.26,1007.88,0,0,1.4972
68,09-Mar-2019 - 00:00,106.97,17.35,110.78,128.13,38.23,13.23,0.79,18.27,35.35,19.22,3.18,1.31,24.34,43.9,0.33,212.59,182.96,1008.01,0,0,1.4972
69,10-Mar-2019 - 00:00,84.25,4.87,48.19,53.08,40.63,5.92,0.49,14.6,5.01,8.3,1.27,0.49,24.73,74.67,0.91,198.14,139.23,1007.68,-0.02,0,1.4972
70,11-Mar-2019 - 00:00,81.22,11.69,60.49,72.37,33.48,5,0.57,23.29,7.48,13.33,2.4,1.12,26.48,72.85,0.36,178.92,117.08,1008.35,0,0,1.4972
71,12-Mar-2019 - 00:00,105.95,10.07,75.09,85.16,22.26,18.1,0.47,34.42,9.67,16.96,2.96,1.02,26.97,67.32,0.62,225.92,164.42,1007.96,0,0,1.4972
72,13-Mar-2019 - 00:00,74.26,7.29,59.09,66.38,22.73,9.58,0.49,31.24,5.31,11.63,1.98,0.9,27.66,67.94,0.59,200.33,161.41,1008.16,-0.03,0,1.4972
73,14-Mar-2019 - 00:00,96.82,4.95,63.52,68.46,23.28,10.17,0.51,55.13,8.77,5.24,1.99,0.86,27.97,60,0.52,179.15,156.02,1006.17,-0.22,0.01,1.4972
74,15-Mar-2019 - 00:00,93.76,8.92,94.42,103.16,22.37,16.75,0.6,40.55,11.02,9.16,2.6,0.97,25.62,60.83,0.43,202.1,127.76,999.43,-0.01,0,1.4972
75,16-Mar-2019 - 00:00,64.03,13.09,98.31,111.4,21.34,13.37,0.51,35.61,7.88,17.03,2.77,1.08,25.56,57.07,0.48,222.19,147.87,1009.18,-0.01,0,1.4972
76,17-Mar-2019 - 00:00,88.29,4.32,56.17,60.49,24.76,8.87,0.43,48.89,6.48,8.1,1.43,0.76,25.76,66.55,0.52,160.25,151.77,1009.5,-0.01,0.35,1.4972
77,18-Mar-2019 - 00:00,62.82,21.28,117.15,138.42,18.41,11.39,0.53,32.8,12.88,20.19,3.45,1.32,23.72,63.43,0.45,192.23,136.11,1008.61,-0.01,0,1.4972
78,19-Mar-2019 - 00:00,70.75,5.57,82.56,87.86,22.73,13.63,0.42,37.12,12.24,15.09,2.08,0.73,25.23,64.61,0.65,219.98,164.47,992.17,-0.22,0,1.4972
79,20-Mar-2019 - 00:00,88.97,10.04,81.47,91.51,21.3,11.72,0.5,31.92,14.91,14.86,2.78,0.99,26.32,70.21,0.43,212.16,140.15,1005.8,0,0,1.4972
80,21-Mar-2019 - 00:00,73.57,4.12,43.96,48.08,19.57,7.58,0.33,46.03,4.22,6,1.09,0.4,27.37,64.01,0.65,207.37,190.27,1006.54,0,0,1.4972
81,22-Mar-2019 - 00:00,59.52,4.64,48.66,53.3,18.79,7.22,0.43,33.14,5.85,7.39,1.4,0.55,25.66,74.43,0.75,207.99,150.35,1006.02,-0.01,0.09,1.4972
82,23-Mar-2019 - 00:00,87.38,38.05,114.93,152.98,12.18,13.63,0.7,39.2,19.61,30.17,6.04,1.06,26.83,52.31,0.3,221.46,201.58,1005.97,0,0,1.4972
83,24-Mar-2019 - 00:00,100.71,37.68,109.43,147.1,13.87,15.6,0.69,46.83,12.23,19.18,4.6,0.92,26.54,37.51,0.35,214.27,210.58,1006.27,0,0,1.4972
84,25-Mar-2019 - 00:00,121.73,46.79,144.24,191.03,23.44,19.35,0.79,35.86,25.29,29.38,7.11,1.27,27.51,41.64,0.34,215.94,190.43,1006.1,0,0,1.4972
85,26-Mar-2019 - 00:00,99.31,4.59,56.4,60.94,27.59,7.82,0.38,43.2,5.28,9.54,1.73,0.63,26.75,54.98,0.87,174.69,176.09,1007.51,-0.02,,1.4972
86,27-Mar-2019 - 00:00,80.06,6.04,83.54,89.58,20.97,18.01,0.48,42.38,8.58,19.52,2.52,0.78,25.93,50.1,0.47,206.5,173.25,1009.2,-0.01,,1.4972
87,28-Mar-2019 - 00:00,78.56,7.85,60.49,68.33,24.44,6.63,0.43,30.55,8.48,15.21,2.1,0.78,27.18,63.91,0.54,205.87,160.17,1007.62,0,,1.4972
88,29-Mar-2019 - 00:00,67.45,6.54,45.91,52.46,23.35,4.89,0.29,22.88,5.5,12.54,1.34,0.5,26.95,70.46,1.02,207.88,165.52,1004.76,0,,1.4972
89,30-Mar-2019 - 00:00,68.23,5.69,46.04,51.74,20.48,6.04,0.44,25.73,7.42,10.47,2.89,1.93,27.74,70.83,0.72,210.25,161.24,1003.44,0,,1.4972
90,31-Mar-2019 - 00:00,59.28,6.46,33.69,40.16,15.85,1.17,0.37,19.55,2.45,5.38,0.79,0.3,28.01,75.01,1,208.75,185.27,1002.74,-0.01,,1.4972
91,01-Apr-2019 - 00:00,33.76,4.41,23,27.42,16.04,1.85,0.32,31.19,2.2,6.01,0.57,0.24,26.47,69.06,0.81,119.77,175.61,1004.8,-0.02,,1.4972
92,02-Apr-2019 - 00:00,61.14,6.71,48.18,54.89,13.69,1.88,0.47,23.56,4.91,13.47,1.43,0.54,27.98,72.89,0.76,186.58,157.89,1003.88,0,,1.4972
93,03-Apr-2019 - 00:00,52.34,5.26,27.25,32.39,13.57,0.72,0.31,26.67,4.83,12.18,0.99,0.4,28.23,71.91,0.68,193.29,181.47,1004.95,0,,1.4972
94,04-Apr-2019 - 00:00,50.56,5.69,30.92,36.61,9.73,2.67,0.26,20.95,4.29,13.39,1.12,0.42,27.51,73.85,0.9,202.98,140.92,1005.6,0,,1.4972
95,05-Apr-2019 - 00:00,52.13,8.22,36.3,44.53,9.72,1.4,0.29,23.93,6,10.78,1.15,0.49,27.33,71.27,0.59,186.55,113.49,1004.62,0,,1.4972
96,06-Apr-2019 - 00:00,48.69,9.16,57.41,66.58,10.92,7.3,0.31,35.24,5.08,12.4,1.55,0.59,25.53,67.64,0.58,202.21,161.49,1005.5,0,,1.4972
97,07-Apr-2019 - 00:00,40.71,4.98,46.55,51.52,13.69,5.48,0.33,54.22,4.42,6.29,1.15,0.45,25.03,66.94,0.51,165.32,180.31,1005.19,0,,1.4972
98,08-Apr-2019 - 00:00,43.19,5.92,54.15,60.08,12.19,7.34,0.29,43.4,4.44,10.09,1.18,0.47,26.48,61.16,0.77,202.39,181.41,1003.47,-0.01,,1.4972
99,09-Apr-2019 - 00:00,45.3,7.05,52.36,59.42,11.91,6.19,0.29,29.28,5.63,12.3,1.42,0.51,25.94,69.2,0.75,195.69,204.89,1003.54,-0.01,,1.4972
100,10-Apr-2019 - 00:00,40.16,7.86,51.99,59.86,11.65,3.14,0.31,23.64,6.55,15.08,1.38,0.56,25.37,74.8,0.8,212.9,152.73,1005.16,0,,1.4972
101,11-Apr-2019 - 00:00,45.13,6.41,32.47,38.88,9.48,2.38,0.28,21.34,6.38,12.27,1.22,0.47,27.7,76.89,0.62,208.33,157.98,1003.84,0,,1.4972
102,12-Apr-2019 - 00:00,42.88,7.75,34.24,42,7.72,4.87,0.29,23.12,4.86,9.46,1.13,0.45,28.31,74.3,0.48,162.85,169.39,1003.32,0,,1.4972
103,13-Apr-2019 - 00:00,43.7,4.72,30.68,35.41,7.33,6.11,0.27,36.63,4.35,9.31,0.92,0.38,28.3,68.06,0.69,119.87,195.6,1003.57,0,,1.4972
104,14-Apr-2019 - 00:00,43.54,3.92,27.13,31.04,13.7,6.23,0.25,36.05,3.47,5.63,0.8,0.33,28.42,72.41,0.64,192.09,179.91,1003.45,0,,1.4972
105,15-Apr-2019 - 00:00,47.3,4.73,27.42,32.14,8.78,5.13,0.26,27.85,4.8,6.67,0.77,0.39,29.2,74.84,0.73,205.31,191.44,1002.23,0,,1.4972
106,16-Apr-2019 - 00:00,57.16,4.46,20.9,25.36,9.61,4.92,0.3,25.32,4.43,7.13,0.94,0.51,29.37,71,0.53,146.92,169.02,1002.91,0,,1.4972
107,17-Apr-2019 - 00:00,71.39,2.73,27.45,30.19,20.27,7.19,0.4,36.06,5.64,8.89,1.71,0.77,28.64,55.86,0.49,144.61,162.01,1005.6,0,,1.4972
108,18-Apr-2019 - 00:00,87.58,6.23,44.79,51.02,32.19,17.34,0.5,41.07,9.85,19.6,1.9,0.99,28.73,46.84,0.24,213.08,193.11,1005.42,0.01,,1.4972
109,19-Apr-2019 - 00:00,88.89,4.35,43.4,47.75,31,14.73,0.53,37.51,10.11,18.62,2.58,1.04,27.41,55.15,0.57,213.09,126.67,1004.12,-0.01,,1.4972
110,20-Apr-2019 - 00:00,70.51,3.01,36.59,39.61,25.73,17,0.41,50.6,5.69,11.85,2.09,0.72,28.32,49.89,0.56,221.96,212.16,1002.28,0,,1.4972
111,21-Apr-2019 - 00:00,52.06,3.1,21.52,24.63,23.08,3.45,0.29,36.08,2.19,4.36,0.91,0.35,27.65,64.32,0.88,205,179.79,1001.76,-0.01,,1.4972
112,22-Apr-2019 - 00:00,53.89,3.45,31.2,34.64,23.1,7.24,0.38,37.26,5.69,8.03,1.2,0.64,26.61,63.62,0.49,118.27,201.59,1002.31,0,,1.4972
113,23-Apr-2019 - 00:00,48.3,3.38,34.47,37.86,24.47,7.32,0.35,39.58,7.86,14.29,1.18,0.81,29.27,58.28,0.5,174.85,201.1,1003.86,0,,1.4972
114,24-Apr-2019 - 00:00,46.01,4.56,32.77,37.34,19.8,4.44,0.3,21.46,8.49,10.96,1.08,0.59,29.53,61.72,0.52,173.89,195.98,1004.28,0,,1.4972
115,25-Apr-2019 - 00:00,41.23,7.34,30.86,38.19,14.32,3.51,0.25,14.75,5.17,9.46,0.7,0.5,29.31,68.53,0.7,182.48,199.32,1003.51,0,,1.4972
116,26-Apr-2019 - 00:00,49.32,6.6,27.84,34.44,13.61,2.67,0.27,17.6,6.39,11.36,0.35,0.52,29.38,68.83,0.83,199.96,209.81,1001.58,0,,1.4972
117,27-Apr-2019 - 00:00,57.43,5.88,29.33,35.21,11.44,2.39,0.3,14.01,5.91,12.71,0.58,0.42,30.32,69.55,1.04,211.17,185.03,1000.21,0,,1.4972
118,28-Apr-2019 - 00:00,49.09,5.53,19.8,25.32,9.15,2.23,0.22,12.67,3.19,6.38,0.38,0.27,30.51,69.91,1.14,210.48,197.91,1000.14,0,,1.4972
119,29-Apr-2019 - 00:00,29.77,7.14,19.35,26.47,8.14,2.17,0.21,12.72,3.64,10.24,0.34,0.37,29.85,70.71,1.4,209.08,200.15,1000.47,-0.01,,1.4972
120,30-Apr-2019 - 00:00,31.26,7.2,21.03,28.23,4.84,2.33,0.24,19.1,4.68,12.74,0.27,0.39,29.59,64.6,1.48,208.19,195.03,1000.89,-0.01,,1.4972
121,01-May-2019 - 00:00,24.03,6.54,24.57,31.1,10.45,2.24,0.16,25.31,4.19,6.03,0.11,0.28,29.65,67.55,1.3,205.12,177.05,1000.99,0.01,,1.170331
122,02-May-2019 - 00:00,29.7,3.99,17.58,21.57,10.42,2.02,0.15,26.74,2.44,6.69,0.05,0.27,29.06,71.11,0.56,189.4,115.43,1001.21,0,,1.170331
123,03-May-2019 - 00:00,18.02,3.52,9.98,13.49,11.77,1.66,0.16,33.09,1.96,4.09,0.07,0.24,25.92,82.9,0.89,68.33,54.24,998.28,-0.04,,1.170331
124,04-May-2019 - 00:00,26.75,8.34,30.23,38.56,10.98,3.24,0.35,33.56,3.35,6.99,0.07,0.49,24.36,83.85,0.96,200.27,113.78,997.23,-0.04,,1.170331
125,05-May-2019 - 00:00,59.95,16.26,39.21,55.47,7.66,3.56,0.39,33.54,10.6,15.17,0.01,0.76,28,74.6,0.74,193.14,202.77,1002.63,0,,1.170331
126,06-May-2019 - 00:00,60.44,3.69,29.09,32.78,7.14,2.5,0.28,42,4.97,9.42,0.04,0.44,30.15,67.27,0.82,212.66,219.82,1000.38,0,,1.170331
127,07-May-2019 - 00:00,71.29,3.57,35.1,38.67,5.74,1.87,0.29,42.43,7.29,14.11,0.02,0.52,30.15,68.51,0.91,208.37,208.52,998.85,0,,1.170331
128,08-May-2019 - 00:00,74.79,4.35,35.07,39.42,5.25,1.77,0.29,41.48,6.93,13.1,0.02,0.05,30.49,72.31,0.88,207.27,199.88,997.7,0,,1.170331
129,09-May-2019 - 00:00,75.37,3.48,30.57,34.05,5.32,2.4,0.29,43.11,,,,,30.64,73.72,0.96,206.1,193.97,996.86,0.01,,1.170331
130,10-May-2019 - 00:00,71.27,3,24.75,27.75,3.73,2.52,0.32,44.39,9.07,15.68,,,30.81,73.05,0.89,205.79,196.52,998.73,0.01,,1.170331
131,11-May-2019 - 00:00,62.46,3.48,23.81,27.29,15.93,1.89,0.29,38.86,4.88,11.16,,,30.43,70.57,1.02,208.03,200.62,1000.87,0.01,,1.170331
132,12-May-2019 - 00:00,59.22,3.03,16.16,19.2,11.83,1.69,0.23,35.74,2.48,4.42,,,30.34,71.27,0.87,204.19,177.44,1000.49,0.01,,1.170331
133,13-May-2019 - 00:00,51.12,3.24,17.12,20.37,8.71,2.06,0.24,37,3.9,8.6,,,29.64,71.54,0.75,194.31,168.29,999.99,0,,1.170331
134,14-May-2019 - 00:00,40.79,3.66,24.17,27.71,10.75,3.74,0.27,29.5,4.38,11.56,0.1,,28.21,68.07,0.58,148.09,169.07,1000.7,0,,1.170331
135,15-May-2019 - 00:00,47.64,3.83,31.29,35.12,8.49,2.39,0.27,19.68,6.74,14.74,0.23,,30.27,65.62,0.62,199.51,187.78,1001.34,0,,1.170331
136,16-May-2019 - 00:00,51.48,3.51,31.6,35.11,9.31,2.21,0.31,27.55,8.4,13.12,0.16,,31.07,65.73,0.53,195.71,195.37,1001.72,0,,1.170331
137,17-May-2019 - 00:00,59.77,3.88,26.66,30.56,9.09,2.14,0.28,25.32,6.78,12.69,0.13,,31.61,72.3,0.78,206.45,197.15,1000.19,0.01,,1.170331
138,18-May-2019 - 00:00,57.43,3.76,18.7,22.46,8.97,2.75,0.26,22.66,5.9,12.02,0.14,,31.99,71.47,0.73,204.84,189.23,999.69,0.01,,1.170331
139,19-May-2019 - 00:00,58.44,4.43,18.12,22.55,10.27,4.12,0.26,22.66,,,,,31.24,70.25,0.5,189.59,151.72,1001.53,0,,1.170331
140,20-May-2019 - 00:00,45.47,5.19,20.57,25.68,7.49,4.07,0.24,14.18,6.21,10.52,0.14,,31.68,71.88,0.57,184.69,179.23,1002.41,0,,1.170331
141,21-May-2019 - 00:00,44.43,4.29,20.91,25.2,5.82,2.13,0.26,14.33,5.49,12.49,0.2,,31.4,70.76,0.79,204.28,190.85,1001.64,0.01,,1.170331
142,22-May-2019 - 00:00,43.75,3.97,18.49,22.45,6.97,3.05,0.25,14.86,3.85,7.84,0.12,,31.63,69.47,0.84,186.65,180.22,1000.36,0,,1.170331
143,23-May-2019 - 00:00,34.25,3.39,12.57,15.94,7.08,2.53,0.23,15.58,3.86,9.4,0.09,,30.12,67.18,1.05,162.67,156.92,1000.89,0,,1.170331
144,24-May-2019 - 00:00,38.75,4.42,25.54,29.95,7.53,2.25,0.24,15.45,7,14.5,0.25,,31.34,66.39,1.03,206.34,182.77,998.93,0.01,,1.170331
145,25-May-2019 - 00:00,37,4.75,27.45,32.21,8.53,2.27,0.26,18.55,6.77,13.04,0.21,,28.55,75.7,0.96,199.75,116.45,997.93,0.01,,1.170331
146,26-May-2019 - 00:00,42.08,4,31.14,35.15,9.08,2.62,0.25,21.55,4.57,6.31,0.22,,30.31,73,0.7,199.9,181.52,998.55,0,,1.170331
147,27-May-2019 - 00:00,54.32,4.14,22.57,26.7,8.97,2.41,0.23,20.61,4.91,12.71,0.17,,31.5,70.95,0.97,211.33,177.14,998.57,0,,1.170331
148,28-May-2019 - 00:00,48.33,3.48,20.3,23.77,9.07,2.09,0.23,21.13,4.83,12.31,0.2,,31.3,70.24,0.85,197.46,172.73,998.53,0,,1.170331
149,29-May-2019 - 00:00,49.79,3.12,19,22.13,7.61,2.28,0.25,23.9,6.09,10.94,0.16,,31.62,68.59,0.63,183.67,166.34,997.83,0,,1.170331
150,30-May-2019 - 00:00,40.28,3.76,17.56,21.31,7.04,2.33,0.23,20.85,5.63,12.02,0.09,,31.28,70.28,0.96,210.76,155.3,997.75,0,,1.170331
151,31-May-2019 - 00:00,35.13,4.35,15.94,20.29,6.71,2.25,0.2,15.45,2.5,5.8,0.11,,30.41,68.68,0.99,176.79,148.52,998.82,0,,1.170331
152,01-Jun-2019 - 00:00,43.18,3.24,24.96,28.2,6.82,2.51,0.24,20.26,5.97,13.62,0.25,0.04,31.07,64.7,0.71,171.23,155.95,998.83,0,,1.170331
153,02-Jun-2019 - 00:00,33.78,3.98,25.01,28.99,7.61,2.23,0.2,19.55,3.76,3.15,0.03,,28.43,76.07,0.98,174.78,106.94,999.61,-0.01,,1.170331
154,03-Jun-2019 - 00:00,45.34,3.55,38.31,41.85,9.48,5.6,0.31,40.49,5.54,7.43,0.27,,29.41,67.03,0.51,176.64,153.89,999.25,0,,1.170331
155,04-Jun-2019 - 00:00,41.27,3.97,29.49,33.47,9.15,3,0.25,18.2,3.94,8.47,0.13,,30.3,70.45,0.88,210.26,137.17,998.62,0,,1.170331
156,05-Jun-2019 - 00:00,34.66,3.98,23.27,27.25,10.07,2.14,0.26,16.02,3.33,7.32,0.08,,27.96,80.24,0.66,173.78,64.57,997.82,-0.01,,1.170331
157,06-Jun-2019 - 00:00,25.78,3.22,15.2,18.42,9.57,2.36,0.22,18.65,2.78,4.99,0.13,,28.53,78.71,0.61,74.61,137.63,998.65,-0.01,,1.170331
158,07-Jun-2019 - 00:00,22.87,2.74,13.52,16.27,8.9,2.45,0.21,23.42,3.65,3.78,0.13,,28.47,77.8,0.49,89.88,87.57,999.78,-0.01,,1.170331
159,08-Jun-2019 - 00:00,24.55,2.82,12.14,14.96,8.81,2.28,0.22,21.68,2.14,3.62,0.09,,29.96,71.97,0.6,76.17,143.21,998.63,-0.01,,1.170331
160,09-Jun-2019 - 00:00,42.35,3.09,18.49,21.58,8.71,2.18,0.24,26.6,3.16,3.31,0.05,,31.35,70.9,0.5,209.47,142.05,996.8,-0.01,,1.170331
161,10-Jun-2019 - 00:00,45.6,2.83,14.68,17.54,8.66,2.25,0.18,27.97,2.31,5.16,0.05,,31.65,71.63,0.6,207.2,157.46,995.67,0,,1.170331
162,11-Jun-2019 - 00:00,38.21,2.66,12.31,14.97,8.59,2.11,0.18,26.56,2.03,5.58,0.09,,31.67,69.97,0.5,185.48,157.27,995.53,-0.01,,1.170331
163,12-Jun-2019 - 00:00,35.87,2.46,10.5,12.96,8.3,2.2,0.2,19.6,3.16,5.28,0.07,,31.44,74.42,0.42,198.11,138.04,995.76,-0.01,,1.170331
164,13-Jun-2019 - 00:00,55.87,2.79,34.27,37.07,7.79,2.38,0.42,34.98,8.33,15.02,0.12,,30.5,69.73,0.37,192.71,157.21,994.89,0,,1.170331
165,14-Jun-2019 - 00:00,57.75,2.69,27.06,29.75,7.04,2.26,0.36,40.21,6.48,8.3,0.09,,32.42,69.36,0.48,174.52,153.1,993.57,0,,1.170331
166,15-Jun-2019 - 00:00,42.58,3.59,24.03,27.62,5.52,1.92,0.27,23.35,5.95,10.16,0.11,,29.99,75.29,0.79,196.38,96.01,994.12,0.01,,1.170331
167,16-Jun-2019 - 00:00,40.96,2.95,20.81,23.76,5.8,2.08,0.25,29.25,2.96,5.33,0.22,,31.64,69.13,0.8,212.46,165.69,994.02,0,,1.170331
168,17-Jun-2019 - 00:00,64.42,3.56,29.66,33.22,6.82,2.09,0.39,28.53,14.49,20.09,0.44,,31.69,70.12,0.58,212.59,114.54,994.3,0,,1.170331
169,18-Jun-2019 - 00:00,55.58,4.75,29.04,33.8,6.13,2.12,0.33,23.71,7.29,9.11,0.11,,30.35,79.12,0.28,142.93,109.83,994.9,-0.01,,1.170331
170,19-Jun-2019 - 00:00,57.52,3.38,20.54,23.86,5.79,2.35,0.3,37.61,5.46,8.97,0.11,,31.21,75.63,0.35,135.05,169.44,995.16,0,,1.170331
171,20-Jun-2019 - 00:00,48.71,3.82,22.23,26.06,8.2,2.43,0.32,14.18,6.97,11.34,0.1,,30.6,73.76,0.27,163.33,129.49,996.44,0,,1.170331
172,21-Jun-2019 - 00:00,22.24,3.41,13.79,17.2,7.9,2.15,0.24,14.69,2.74,5.57,0.09,,28.96,81.26,0.83,85.52,97.63,996.25,-0.02,,1.170331
173,22-Jun-2019 - 00:00,21.59,3.63,15.95,19.58,7.24,2.16,0.24,9.92,4.08,10.51,0.12,,29.58,75.72,0.63,170.18,152.73,997.77,0,,1.170331
174,23-Jun-2019 - 00:00,21.79,3.82,11.62,15.45,8.17,2.31,0.17,4.54,1.69,4.44,0.05,,30.38,72.54,0.46,207.19,152.57,998.97,0,,1.170331
175,24-Jun-2019 - 00:00,30.07,4.31,21.96,26.25,8.95,1.84,0.27,10.33,3.75,9.12,0.17,,30.58,73.06,0.67,202.77,143.61,999.93,0,,1.170331
176,25-Jun-2019 - 00:00,26.59,5.79,20.45,26.23,10.15,2.02,0.23,12.88,2.41,7.15,0.07,,31.15,70.32,0.98,210.33,174.15,999.61,0,,1.170331
177,26-Jun-2019 - 00:00,25.31,6.18,17.68,23.86,10.44,2.72,0.2,10.69,5.6,17.8,0.23,,31.07,69.92,1.16,208.03,164.25,997.76,0,,1.170331
178,27-Jun-2019 - 00:00,32.43,6.77,33.23,40.02,7.74,3.68,0.23,12.48,3.54,13.28,0.16,,30.93,71.66,1,209.24,133.4,995.4,0,,1.170331
179,28-Jun-2019 - 00:00,45.25,4.81,39.67,44.48,12.45,5.61,0.31,34.18,6.73,14.25,0.13,,29.8,73.64,0.72,213.66,88.24,994.14,0,,1.170331
180,29-Jun-2019 - 00:00,56.93,7.78,37.01,44.79,11.23,4.05,0.44,28.2,8.76,12.81,0.23,0.02,29.5,79.82,0.44,163.15,92.74,993.54,0,,1.170331
181,30-Jun-2019 - 00:00,63.71,11.58,38.57,50.14,11.85,5.81,0.48,13.12,9.13,14.14,0.34,,28.63,81.57,0.45,132.94,119.65,993.49,0,,1.170331
182,01-Jul-2019 - 00:00,26.77,5.32,18.03,23.36,12.03,3.77,0.23,17.09,3.56,6.1,0.14,0.02,28.74,80.81,1.18,53.63,145.01,991.56,-0.03,,1.170331
183,02-Jul-2019 - 00:00,25.68,4.31,14.62,18.93,10.86,3.59,0.21,27.35,1.95,19.89,0.13,,28.3,83.99,0.6,115.88,120.46,992.54,-0.02,,1.170331
184,03-Jul-2019 - 00:00,31.37,4.21,29.28,33.49,12.12,5.55,0.28,37.84,5.82,34.59,0.29,,28.99,77.94,0.47,199.62,160.87,994.59,0,,1.170331
185,04-Jul-2019 - 00:00,48.56,4.4,37.91,42.29,12.98,9.18,0.35,30.65,6.29,14.49,0.12,,30.17,73.25,0.43,211.21,98.57,993.54,0,,1.170331
186,05-Jul-2019 - 00:00,33.17,4.25,19.78,24.01,12.3,7.22,0.25,22,3.79,7.08,0.09,,29.27,77.85,0.55,95.56,110.07,990.89,-0.01,,1.170331
187,06-Jul-2019 - 00:00,43.49,8.7,41.34,50.05,10.49,7.74,0.38,12.42,6.36,15.92,0.18,,28.09,83.86,0.46,211.12,85.53,989.22,0,,1.170331
188,07-Jul-2019 - 00:00,30.94,6.46,28.69,35.16,10.76,7.73,0.26,18.33,2.31,5.59,0.06,,28.51,77.15,0.79,209.72,90.26,991.89,0,,1.170331
189,08-Jul-2019 - 00:00,39.64,6.04,36.77,42.81,9.14,6.81,0.23,21.76,3.83,12.71,0.13,,29.66,75.49,0.91,209.8,115.41,994.16,0,,1.170331
190,09-Jul-2019 - 00:00,40.54,6.83,38.43,45.26,7.56,7.17,0.27,21.01,5.71,16.79,1.18,0.47,30.14,74.84,0.95,209.54,132.25,994.63,0,,1.170331
191,10-Jul-2019 - 00:00,39.67,9.87,42.73,52.6,7.56,5.63,0.31,19.49,9.19,21.59,3.64,1.13,29.41,77.27,0.79,209.54,120.31,994.77,0,,1.170331
192,11-Jul-2019 - 00:00,42.27,8.38,42,50.37,7.56,4.68,0.26,18.52,6.8,19.43,2.42,0.94,29.26,78.7,0.87,211.36,76.27,996.98,0,,1.170331
193,12-Jul-2019 - 00:00,44.78,6.56,41.8,48.35,7.41,7.86,0.26,22.91,5.7,18.32,2.65,0.95,29.62,76.88,0.83,211.42,95.31,998.44,0,,1.170331
194,13-Jul-2019 - 00:00,52.12,6.05,38.26,44.31,5.81,5.74,0.26,32.43,4.15,15.86,1.91,0.69,30.56,74.63,0.86,211.11,138.77,997.68,0,,1.170331
195,14-Jul-2019 - 00:00,54.66,5.26,37.79,43.05,5.56,7.54,0.27,40.86,2.91,6.74,1.3,0.48,31.52,68.48,0.74,211.74,159.64,995.85,0,,1.170331
196,15-Jul-2019 - 00:00,62.99,5.35,44.72,50.07,5.88,10.97,0.31,38.06,6.6,15.83,2.45,0.92,31.86,67.02,0.61,215.73,127.3,995.1,0,,1.170331
197,16-Jul-2019 - 00:00,60.97,5.93,50.61,56.53,5.82,9.82,0.32,31.3,9.01,23.93,3.59,1.44,30.34,69.39,0.39,199.16,103.48,996.75,-0.01,,1.170331
198,17-Jul-2019 - 00:00,68.04,15.32,40.34,55.66,6.25,5.78,0.38,27.31,9.96,16.87,4.69,1.96,31.45,66.49,0.36,131.16,172.1,996.61,0,,1.170331
199,18-Jul-2019 - 00:00,55.51,6.03,26.37,32.39,7.53,2.81,0.2,20.98,3.27,8.88,1.34,0.5,31.39,68.9,0.47,154.12,153.42,996.54,0,,1.170331
200,19-Jul-2019 - 00:00,20.01,4.48,15.28,19.76,9.16,1.88,0.14,22.44,2.3,7.16,0.78,0.35,30.99,67.67,0.54,125.77,148.93,997.57,-0.01,,1.170331
201,20-Jul-2019 - 00:00,31.43,5.63,21.82,27.44,7.55,1.88,0.17,24.41,3.77,12.34,1.23,0.5,30.76,69.19,0.56,215.72,156.32,999.07,0,,1.170331
202,21-Jul-2019 - 00:00,39.55,5.64,23.35,28.99,8.43,4.85,0.18,28.04,1.98,6.54,0.87,0.35,30.8,70.12,0.78,211.14,185.35,999.12,0,,1.170331
203,22-Jul-2019 - 00:00,31.15,8.46,25.45,33.91,8.42,3.66,0.18,18.1,2.87,12.92,1.31,0.51,31.01,69.07,0.87,211.78,186.33,998.53,0,,1.170331
204,23-Jul-2019 - 00:00,26.06,11.93,26.29,38.23,8.35,5.61,0.17,15.22,3.65,15.52,1.45,0.58,30.78,67.44,0.84,210.62,160.14,997.78,0,,1.170331
205,24-Jul-2019 - 00:00,24.24,9.03,28.82,37.84,9,4.94,0.15,22.72,2.68,13.03,1.53,0.55,30.23,70.61,0.6,210.76,154.68,997.32,-0.01,,1.170331
206,25-Jul-2019 - 00:00,53.31,7.16,51.37,58.53,9.51,9.9,0.36,32.8,9.22,21.66,3.18,1.25,29.28,75.23,0.32,214.73,119.75,996.99,0,,1.170331
207,26-Jul-2019 - 00:00,45.98,8.12,40.4,48.52,12.14,4.41,0.29,21.59,5.09,13.76,2.35,0.82,27.7,84.52,0.34,153.32,87.31,994.77,0,,1.170331
208,27-Jul-2019 - 00:00,29.79,7.07,29.86,36.93,13.94,2.87,0.23,22.23,5.57,14.22,2.22,0.85,28.41,80.31,0.23,149.84,137.66,994.08,0,,1.170331
209,28-Jul-2019 - 00:00,14.11,5.7,13.96,19.65,13.81,2.15,0.13,19.84,1.17,5.72,0.67,0.3,27.95,84.03,0.84,53.32,130.51,994.77,-0.02,,1.170331
210,29-Jul-2019 - 00:00,13.58,9.13,17.66,26.79,12.5,1.83,0.16,24.14,1.49,9.22,0.97,0.39,27.2,87.21,0.4,144.6,128.93,996.16,-0.01,,1.170331
211,30-Jul-2019 - 00:00,29.66,13,33.62,46.62,10.82,1.18,0.24,17.82,8.91,20.25,2.7,1.02,28.43,80.27,0.52,210.29,126.39,998.07,0,,1.170331
212,31-Jul-2019 - 00:00,34.9,10.22,40.45,50.67,12.62,1.93,0.26,22.28,8.78,19.86,3.06,1.16,29.09,74.91,0.44,213.78,110.11,996.86,0,,1.170331
213,01-Aug-2019 - 00:00,32.62,9.78,33.24,43.01,13.7,3.36,0.2,27.33,6.24,14.65,2.17,0.78,29.72,71.28,0.37,188.59,156.48,995.68,0,,1.170331
214,02-Aug-2019 - 00:00,21.97,9.53,23.44,32.97,16.17,1.3,0.21,18.24,6.26,15.37,2.18,0.89,28.79,79.48,0.4,112.31,125.32,994.34,0,,1.170331
215,03-Aug-2019 - 00:00,32.14,13.89,36.33,50.22,17.76,1,0.3,8.1,9.7,21.37,3.37,1.33,28.5,83.37,0.33,132.97,97.41,993.57,0,,1.170331
216,04-Aug-2019 - 00:00,50.2,13.21,46.29,59.51,16.64,1.46,0.38,16.22,5.55,11.24,3.08,1.15,28.94,82.43,0.32,218.19,128.03,992.44,0,,1.170331
217,05-Aug-2019 - 00:00,40.43,13.26,32.82,46.01,13.81,1.54,0.34,15.28,5.78,11.77,2.94,1.1,30.13,77.84,0.44,162.86,154.59,990.35,0,,1.170331
218,06-Aug-2019 - 00:00,32.41,13.06,29.55,42.6,18.6,3.53,0.24,10.99,4.55,12.17,2.23,0.8,28.63,81.19,0.83,96.09,110.26,988.5,-0.02,,1.170331
219,07-Aug-2019 - 00:00,9.84,8.6,14.06,22.65,13.76,3.2,0.13,27.28,1.24,5.6,0.7,0.3,26.98,88.33,1.16,86.98,105.18,986.7,-0.08,,1.170331
220,08-Aug-2019 - 00:00,14.47,11.9,24.33,36.22,11.89,3.46,0.18,20.24,5.25,17.09,1.74,0.75,26.42,91.61,0.46,212.56,100.57,990.21,0,,1.170331
221,09-Aug-2019 - 00:00,35.32,5.85,40.78,47.26,11.86,60.72,0.36,24.98,9.92,14.4,3.17,1.32,27.73,74.43,0.31,176.68,103.3,995.24,0,,1.170331
222,10-Aug-2019 - 00:00,72.22,20.42,57.86,78.29,12.53,16.78,0.57,27.43,8.29,24.08,5.16,2.15,30.45,72.73,0.29,212.33,214.23,994.82,0,,1.170331
223,11-Aug-2019 - 00:00,68.18,32.61,48.74,81.36,13.62,16.67,0.49,20.8,14.61,22.06,7.26,3.11,30.35,75.61,0.39,155.43,152.31,993.86,0,,1.170331
224,12-Aug-2019 - 00:00,45.26,10.23,27.32,37.54,14.16,17.38,0.41,12.57,5.9,10.25,2.1,0.76,28.35,85.33,0.45,155.37,85.28,992.94,0,,1.170331
225,13-Aug-2019 - 00:00,19.77,8.06,22.22,30.27,8.39,16.74,0.21,24.41,2.92,15.28,1.46,0.54,27.29,86.72,0.48,179.82,56.91,995.02,0,,1.170331
226,14-Aug-2019 - 00:00,41.74,9.23,31.8,41.04,7.82,16.08,0.22,25.35,4.59,15.32,2.53,0.92,28.37,81.54,0.51,219.06,96.33,998.31,0,,1.170331
227,15-Aug-2019 - 00:00,34.02,11.52,29.55,41.07,7.84,17.15,0.25,25.59,3.52,9.52,1.72,0.58,26.76,90.81,0.46,226.88,85.59,1000.64,0,,1.170331
228,16-Aug-2019 - 00:00,,,,,,,,,,,,,,,,,,,,,1.170331
229,17-Aug-2019 - 00:00,,,,,,,,,,,,,,,,,,,,,1.170331
230,18-Aug-2019 - 00:00,,,,,,,,,,,,,,,,,,,,,1.170331
231,19-Aug-2019 - 00:00,,,,,,,,,,,,,,,,,,,,,1.170331
232,20-Aug-2019 - 00:00,66.28,12.64,55.58,64.15,17.47,4.95,0.35,27.01,6.86,13.62,2.9,1.42,29.24,80.04,0.35,164.89,83.62,998.38,-0.01,,1.170331
233,21-Aug-2019 - 00:00,45.91,13.85,23.57,37.42,14.21,4.56,0.21,9.89,4.27,8.33,1.61,0.67,25.82,72.44,0.23,193.52,160.68,997.63,0,,1.170331
234,22-Aug-2019 - 00:00,51.25,14.33,23.15,37.48,15.06,5.67,0.25,10.11,3.72,7.41,1.44,0.59,25.39,73.88,0.56,127.26,153.36,997.23,0,,1.170331
235,23-Aug-2019 - 00:00,26.2,14.76,21.25,36.01,15.1,5.91,0.26,7.14,3.38,8.75,1.64,0.71,28.68,80.72,0.63,150.31,162.46,997.57,0,,1.170331
236,24-Aug-2019 - 00:00,21.32,9.14,16.42,25.56,15.91,5.66,0.25,7.02,2.67,6.59,1.9,1.17,27.27,87.81,0.33,114.84,72.36,997.87,0,,1.170331
237,25-Aug-2019 - 00:00,20.59,9.06,12.76,21.81,12.48,6.06,0.2,15.74,1.11,4.33,0.71,0.28,27.25,86.15,0.81,60.78,86.72,997.27,-0.01,,1.170331
238,26-Aug-2019 - 00:00,16.95,9.1,13.96,23.05,13.45,5.4,0.2,18.98,1.97,6.69,1.36,0.63,27.54,85.56,0.48,118.88,132.01,996.98,-0.01,,1.170331
239,27-Aug-2019 - 00:00,25.13,11.01,19.17,30.2,12.59,6.09,0.28,14.99,4.26,9.2,1.57,0.75,28.18,84.58,0.42,101.25,144.87,996.72,-0.01,,1.170331
240,28-Aug-2019 - 00:00,35.32,9.62,20.15,29.77,10.99,6.32,0.3,12.66,5.53,9.63,1.91,0.81,28.87,80.77,0.42,97,146.68,997.97,0,,1.170331
241,29-Aug-2019 - 00:00,20.22,11.38,17.75,29.13,11.09,5.57,0.29,11.47,4.32,8.75,1.93,0.97,27.97,85.94,0.41,106.8,107.21,998.76,0,,1.170331
242,30-Aug-2019 - 00:00,29.8,11.4,15.3,26.71,10.39,6.24,0.24,10.4,3.92,7.92,1.63,0.7,29.61,78.45,0.31,116.69,171.79,996.9,-0.01,,1.170331
243,31-Aug-2019 - 00:00,29.44,9.6,14.16,23.76,10.82,5.79,0.23,12.46,3.28,6.15,1.06,0.43,30.05,73.61,0.34,125.96,143.15,996.06,0,,1.170331
244,01-Sep-2019 - 00:00,37.1,9.92,18.4,28.32,11.18,5.18,0.28,16.17,2.09,5.53,0.96,0.36,29.25,79.53,0.26,181.01,101.64,996.57,0,,1.170331
245,02-Sep-2019 - 00:00,18.35,10.55,14.4,24.95,11.99,5.51,0.25,11.58,1.94,4.89,0.94,0.41,29.27,77.93,0.45,92.08,186.53,995.84,0,,1.170331
246,03-Sep-2019 - 00:00,13.04,8.66,13.96,22.76,11.8,7.19,0.27,14.81,3.65,5.74,1.37,0.67,28.55,83.54,0.55,44.1,124.93,994.6,0,,1.170331
247,04-Sep-2019 - 00:00,15.61,8.83,10.86,19.69,10.54,7.63,0.21,14.23,2.52,5.5,0.93,0.41,28.48,84.63,0.59,54.05,134.95,994.82,-0.01,,1.170331
248,05-Sep-2019 - 00:00,17.06,9.37,10.06,19.43,9.48,7.6,0.2,17.29,1.79,4.37,0.84,0.32,28.74,81.56,0.72,50.84,115.37,994.66,-0.01,,1.170331
249,06-Sep-2019 - 00:00,13.79,9.83,9.12,18.96,10.1,8.07,0.17,20.76,1.26,4.54,0.61,0.26,29.2,77.86,0.72,57.19,144.88,993.64,-0.02,,1.170331
250,07-Sep-2019 - 00:00,17.86,8.33,10.14,18.46,9.33,5.1,0.22,17.49,1.78,5.49,0.8,0.31,27.58,88.61,0.59,56.7,76.72,994.49,-0.01,,1.170331
251,08-Sep-2019 - 00:00,18.96,10.47,13.67,24.15,10.07,4.26,0.23,15.9,2.06,4.99,1.15,0.43,27.65,88.89,0.29,184.99,82.69,996.57,0,,1.170331
252,09-Sep-2019 - 00:00,31.61,9.42,22.54,31.95,10.49,4.1,0.29,20.64,3.88,8.71,1.58,0.64,29.19,80.86,0.44,210.77,136.03,996.66,0,,1.170331
253,10-Sep-2019 - 00:00,36.08,7.76,21.06,28.92,10.48,4.04,0.28,21.31,3.71,8.64,1.67,0.72,29.3,80.52,0.43,204.94,82.46,996.94,0,,1.170331
254,11-Sep-2019 - 00:00,,10.44,24.16,34.61,11.83,4.43,0.34,18.52,2.99,9.36,1.47,0.56,28.37,82.16,0.35,195.06,129.58,997.5,0,,1.170331
255,12-Sep-2019 - 00:00,,12.33,25.2,37.52,10.78,5.19,0.31,12.36,4.77,11.22,1.8,0.76,26.64,88.83,0.42,218.26,69.82,998.78,0,,1.170331
256,13-Sep-2019 - 00:00,,9.61,21.46,31.06,10.53,5.29,0.26,18.01,5.22,11.25,1.78,0.76,28.08,83.22,0.57,226.31,112.23,,0,,1.170331
257,14-Sep-2019 - 00:00,38.56,9.19,24.77,34.02,10.92,5.15,0.27,25.48,4.83,10.69,1.57,0.62,29.17,78.52,0.45,225.1,123.89,999.88,0,,1.170331
258,15-Sep-2019 - 00:00,38.29,8.84,24.17,33.01,11.28,10.39,0.21,35.84,2.38,5.21,1.04,0.38,29.78,73.76,0.49,217.18,115.33,998.98,0,,1.170331
259,16-Sep-2019 - 00:00,34.25,9.94,20.8,30.74,11.18,6.1,0.27,21.8,3.75,8.78,1.77,0.74,29.41,77.1,0.3,214.12,109.13,998.52,0,,1.170331
260,17-Sep-2019 - 00:00,25.19,8.78,11.98,20.76,11.6,5.38,0.2,14.84,2.38,5.17,1.16,0.49,29.99,72.47,0.29,233.96,170.48,989.5,-0.01,,1.170331
261,18-Sep-2019 - 00:00,17.18,9.65,10.43,20.08,10.2,4.53,0.22,18.5,1.09,3.61,0.82,0.32,29.1,77.28,0.34,110.96,130.04,,-0.01,,1.170331
262,19-Sep-2019 - 00:00,19.31,15.73,15.69,31.43,11.75,4.9,0.26,14.52,2.73,6.33,1.28,0.54,29.74,75.21,0.36,130.89,159.34,,-0.01,,1.170331
263,20-Sep-2019 - 00:00,37.58,17.51,30.75,48.27,12.35,11.78,0.39,23.95,4.28,8.84,2.08,0.89,29.61,74.12,0.25,210.4,158.51,,0,,1.170331
264,21-Sep-2019 - 00:00,38.79,18.35,34.5,52.86,13.51,12.51,0.41,20.18,5.34,13.14,2.7,1.24,27.81,79.97,0.21,208.63,109.06,,0,,1.170331
265,22-Sep-2019 - 00:00,33.47,9.58,20.72,30.31,12.88,6.15,0.32,29.42,3.04,5.98,1.43,0.62,28.73,76.21,0.28,150.78,171.34,,0,,1.170331
266,23-Sep-2019 - 00:00,20.86,8.55,14.56,23.11,13.4,5.66,0.29,29.2,2.07,4.44,0.94,0.52,28.46,78.88,0.65,67.94,117.78,,-0.01,,1.170331
267,24-Sep-2019 - 00:00,9.85,9.98,8.85,18.82,12.84,5.82,0.11,20.24,0.9,3.97,0.46,0.27,27.43,82.97,0.49,96.14,131.34,,-0.02,,1.170331
268,25-Sep-2019 - 00:00,25.86,12.86,23.95,36.81,14.6,5.75,0.53,11.62,4.47,7.7,2.18,0.93,25.45,92.03,0.31,54.87,66.03,,0,,1.170331
269,26-Sep-2019 - 00:00,30.14,11.81,23.73,35.54,14.39,6.36,0.39,17.12,4.4,11.43,2.21,1.37,25.46,90.25,0.37,97.59,93.05,,0,,1.170331
270,27-Sep-2019 - 00:00,36.23,16.52,31.25,47.76,13.43,8.72,0.42,21.96,5.3,10.75,2.44,1.04,26.12,86.06,0.22,118.61,96.55,,0,,1.170331
271,28-Sep-2019 - 00:00,30.3,15.8,25.06,40.86,13.42,7.98,0.41,15.03,5.58,9.7,2.38,1.09,25.36,89.23,0.28,89.36,79.98,,0,,1.170331
272,29-Sep-2019 - 00:00,23.7,10.96,20.07,31.03,13.04,4.97,0.31,19.62,2.27,6.65,1.31,0.51,25.36,89.18,0.25,151.27,102.17,,0,,1.170331
273,30-Sep-2019 - 00:00,28.48,15.29,32.07,47.37,14.68,13.11,0.41,21.64,5.29,10.76,2.39,1.01,26.82,81.18,0.37,223.02,136.63,,0,,1.170331
274,01-Oct-2019 - 00:00,51.55,13.31,34.93,48.24,14.01,17.08,0.52,29.24,4.62,8.55,2.87,1.31,28.53,75.49,0.31,229.68,172.36,,0,,0.843462
275,02-Oct-2019 - 00:00,68.11,11.17,33.49,44.66,12.82,12.06,0.47,41.17,4.41,8.39,2.3,1.03,29.37,73.42,0.22,232.66,163.17,,0,,0.843462
276,03-Oct-2019 - 00:00,53.1,8.17,31.06,39.23,12.44,11.56,0.39,34.63,4.56,9.89,2.14,0.96,28.09,80.75,0.36,187.06,158.06,,0,,0.843462
277,04-Oct-2019 - 00:00,48.29,7.86,27.86,35.71,12.36,16.35,0.35,39.69,3.46,6.88,1.7,0.69,29.07,75.86,0.36,202.48,161.5,,0,,0.843462
278,05-Oct-2019 - 00:00,58.08,16.68,37.46,54.09,12.38,10.47,0.58,31.65,5.61,7.33,2.79,1.35,28.29,81.08,0.22,199.05,123.48,,0,,0.843462
279,06-Oct-2019 - 00:00,67.72,14.38,32.6,46.99,13.29,10.17,0.46,29.86,4.84,6.7,3.42,1.45,28.65,80.97,0.15,199.18,153.09,,-0.01,,0.843462
280,07-Oct-2019 - 00:00,47.44,7.65,26.43,34.08,12.03,6.33,0.47,36.06,4.75,5.19,1.68,0.71,26.86,82.45,0.18,176.19,60.6,,0,,0.843462
281,08-Oct-2019 - 00:00,31.08,12.97,22.33,35.39,12.06,5.01,0.41,25.89,3.52,5.27,2.35,1.07,27.16,79.49,0.29,134.27,139.7,,0,,0.843462
282,09-Oct-2019 - 00:00,14.27,9.31,14.09,23.4,12.59,5.2,0.21,24.41,1.3,3.66,0.87,0.35,24.39,92.73,0.46,120.99,79.9,,0,,0.843462
283,10-Oct-2019 - 00:00,29.56,10.9,22.66,33.56,11.83,3.52,0.53,10.26,2.93,6.85,2.79,1.25,26.33,83.56,0.21,169.81,81.71,,0.01,,0.843462
284,11-Oct-2019 - 00:00,40.73,24.53,24.64,49.18,13.97,5.24,0.63,26.04,3.88,7.99,3.1,1.41,27.49,78.42,0.24,141.45,166.66,,0,,0.843462
285,12-Oct-2019 - 00:00,73.56,24.21,32.83,57.04,13.67,3.65,0.64,32.92,6.75,11.74,4.95,2.5,27.89,74.58,0.25,156.82,162.23,,0,,0.843462
286,13-Oct-2019 - 00:00,82.57,7.42,27.07,34.5,12.77,9.89,0.4,50.49,2.91,4.57,1.39,0.53,28.27,70.2,0.3,185.78,128.01,,0,,0.843462
287,14-Oct-2019 - 00:00,93.41,6.43,22.23,28.65,13.64,8.22,0.32,81.07,2.04,3.6,0.99,0.36,28.09,63.38,0.36,146.62,220.72,,0,,0.843462
288,15-Oct-2019 - 00:00,71,5.02,33.87,38.99,21.11,14.84,0.44,80.82,3.83,7.46,1.94,1.08,29.77,55.68,0.26,193.38,159.35,,0,,0.843462
289,16-Oct-2019 - 00:00,73.66,12.89,32.48,45.45,13.23,6.59,0.55,42.17,4.66,8.15,2.61,1.2,27.33,73.61,0.2,160.4,81.78,,0,,0.843462
290,17-Oct-2019 - 00:00,76.85,22.09,48.84,70.93,16.39,13.27,0.8,25.76,7.69,12.97,4.07,1.93,26.71,82.29,0.16,200.33,86.84,,0.01,,0.843462
291,18-Oct-2019 - 00:00,119.53,34.57,45,79.58,18.52,22.22,0.63,18.91,7.9,13.33,4.61,2.26,26.76,80.34,0.19,138,139.61,,0,,0.843462
292,19-Oct-2019 - 00:00,,,,,,,,,,,,,,,,,,,,,0.843462
293,20-Oct-2019 - 00:00,,,,,,,,,,,,,,,,,,,,,0.843462
294,21-Oct-2019 - 00:00,91.49,5.51,35.64,41.14,13.4,11.99,0.56,38.23,3.53,8.25,1.84,0.68,27.48,74.35,0.19,221.83,18.82,,0,,0.843462
295,22-Oct-2019 - 00:00,79.25,6.51,30.78,37.29,14.02,14.18,0.49,52.17,3.69,7.39,1.95,0.8,28.46,69.26,0.22,192.3,125.67,,0,,0.843462
296,23-Oct-2019 - 00:00,116.5,6.87,39.17,46.04,14.38,9.81,0.6,48.87,5.19,8.88,2.8,1.21,27.25,74.69,0.22,139.77,78.23,,-0.01,,0.843462
297,24-Oct-2019 - 00:00,43.49,6.85,16.5,23.34,15,4.91,0.31,46.34,2.09,4.2,0.75,0.33,22.86,91.44,1.01,68.04,53.52,,-0.01,,0.843462
298,25-Oct-2019 - 00:00,23.47,8.14,19.06,27.2,13.09,6.54,0.27,26.53,2.23,5.48,1.21,0.44,22.44,93.97,0.68,120.83,63.32,,-0.01,,0.843462
299,26-Oct-2019 - 00:00,35.73,12.64,25.51,38.15,15.63,10.51,0.38,18.59,2.48,6.23,1.73,0.71,23.26,88.07,0.2,232.29,87.93,,0,,0.843462
300,27-Oct-2019 - 00:00,112.07,12.81,24.87,37.68,15.13,17.92,0.42,29.4,2.54,5.39,2.27,0.95,25.31,76.74,0.17,199.2,154.19,,0,,0.843462
301,28-Oct-2019 - 00:00,155.66,8.4,30.6,39,17.35,16.84,0.4,41.4,2.57,4.37,1.67,0.67,25.44,71.19,0.3,192.12,147.3,,-0.01,,0.843462
302,29-Oct-2019 - 00:00,153.26,11.38,42.45,53.83,14.5,17.21,0.48,37.16,2.55,4.49,1.89,0.75,25.42,69.37,0.25,258.21,146.97,,0,,0.843462
303,30-Oct-2019 - 00:00,122.78,17.14,44.74,61.89,18.49,17.49,0.6,41.97,3.99,8.41,2.61,1.12,25.7,71.47,0.2,241.69,140.09,,0,,0.843462
304,31-Oct-2019 - 00:00,134.35,21.03,52.36,73.39,18.2,14.13,0.81,52.07,5.95,12.65,3.41,1.54,25.83,69.82,0.19,241.42,132.55,,0,,0.843462
305,01-Nov-2019 - 00:00,120.18,31.45,55.21,85.58,19.6,15.33,0.8,53.74,5.52,8.98,3.15,1.4,26.14,70.36,0.18,244.88,131.83,,0,,0.843462
306,02-Nov-2019 - 00:00,88.13,11.15,45.3,56.45,22.53,19.88,0.59,49.58,4.73,6.64,2.04,0.81,26.73,67.26,0.27,262.07,142.77,,0,,0.843462
307,03-Nov-2019 - 00:00,74.34,10.8,41.74,52.54,20.44,17.53,0.54,46.88,3.84,4.54,1.68,0.69,26.86,66.57,0.25,255.48,136.3,,0,,0.843462
308,04-Nov-2019 - 00:00,81.19,36.66,59.48,96.19,21.73,17.28,0.78,43.47,5.17,9.54,3.25,1.49,26.5,69.52,0.18,242.14,127.96,,0,,0.843462
309,05-Nov-2019 - 00:00,115.34,34.64,57.79,92.39,21.28,19.97,0.7,39.04,6.42,10.85,3.12,1.33,25.51,73.33,0.16,244.97,129.82,,0,,0.843462
310,06-Nov-2019 - 00:00,101.81,6.87,22.58,29.46,8.82,30.02,0.63,64.7,5.07,10.63,2.86,1.19,26.24,50.55,0.24,223.84,66.29,,-0.01,,0.843462
311,07-Nov-2019 - 00:00,95.47,5.72,18.6,24.32,7.26,13.89,0.64,64.18,5.36,9.9,2.83,1.29,24.64,60.01,0.25,183.74,111.85,,0,,0.843462
312,08-Nov-2019 - 00:00,47.74,4.71,10.64,14.95,4.66,13.36,0.36,42.55,2.96,5.42,1.01,0.43,23.03,82.71,1.02,62.83,36.12,,-0.01,,0.843462
313,09-Nov-2019 - 00:00,10.73,4.45,7.87,11.96,4.18,13.5,0.22,42.85,1.09,3.81,0.24,0.11,22.54,94.09,2.64,64.67,41.31,,-0.06,,0.843462
314,10-Nov-2019 - 00:00,21.38,4.62,8.7,13.23,4.45,12.41,0.31,46.04,1.31,3.71,0.9,0.31,24.07,84.03,0.62,201.68,79.77,998.5,-0.03,,0.843462
315,11-Nov-2019 - 00:00,34.79,8.48,7.96,16,5.94,17.7,0.83,26.85,5.46,18.84,4.14,2.01,24.55,80.84,0.21,231.88,137.55,,0,,0.843462
316,12-Nov-2019 - 00:00,48.3,98.32,106.01,202.26,164.05,20.36,1.02,52.44,10.7,22.11,6.93,3.32,24.82,69.56,0.16,242.9,134.49,,-0.01,,0.843462
317,13-Nov-2019 - 00:00,26.29,36.13,59.43,95.53,79.34,18.78,0.68,56.28,7.94,16.8,4.65,1.89,24.12,66.07,0.18,251.47,125.14,,0,,0.843462
318,14-Nov-2019 - 00:00,55.95,23.46,47.05,70.53,28.68,19.47,0.82,53.11,9.21,16.33,4.67,2.29,25.03,67.18,0.17,201.04,131.25,,0,,0.843462
319,15-Nov-2019 - 00:00,53,23.45,42.63,66.08,31.58,16.23,0.5,46.52,6.06,8.98,3.12,1.34,24.83,71.49,0.2,207.53,182.27,,0,,0.843462
320,16-Nov-2019 - 00:00,99.77,23.58,55.48,79.06,22.74,22.59,0.94,68.63,7.04,16.09,5.39,2.39,26.11,61.06,0.14,243.72,132.49,,0,,0.843462
321,17-Nov-2019 - 00:00,104.23,40.54,53.39,94.25,27.88,27.24,1.03,60.13,10.32,12.71,5.68,2.82,24.22,70.13,0.19,232.44,120.16,,0.01,,0.843462
322,18-Nov-2019 - 00:00,135.11,29.08,63.79,92.86,25.29,28.53,1.05,61.23,10.29,13.3,6.34,2.87,24.41,64.82,0.13,225.27,120.15,,0.01,,0.843462
323,19-Nov-2019 - 00:00,116.49,52.34,57.39,109.73,23.95,21.15,1.1,54.97,10.26,23.58,6.31,3.13,23.95,59.78,0.18,240.25,121.58,,0,,0.843462
324,20-Nov-2019 - 00:00,110.05,29.07,47.68,76.75,28.22,18.63,0.79,61.15,10.42,22.26,6.95,3.3,23.29,57.12,0.16,174.35,116.98,,0,,0.843462
325,21-Nov-2019 - 00:00,109.04,18.91,54.12,73.03,23.12,24.44,0.72,65,7.11,11.47,4.26,1.77,23.19,56.71,0.2,216.16,111.11,,0,,0.843462
326,22-Nov-2019 - 00:00,108.17,33.7,78.79,112.41,31.22,20.97,0.74,62.19,6.61,13.32,4.08,1.81,23.1,60.34,0.16,199.77,114.75,,0.01,,0.843462
327,23-Nov-2019 - 00:00,145.51,57.85,111.73,169.59,31.63,33.55,1.17,56.54,9.19,18.96,5.3,2.35,22.97,67.08,0.15,228.4,110.14,,0,,0.843462
328,24-Nov-2019 - 00:00,154.98,55.66,82.83,138.49,39.62,20.79,0.96,69.02,9.67,14.18,5.47,2.53,23.27,66.72,0.13,218.39,117.92,,0,,0.843462
329,25-Nov-2019 - 00:00,151.33,55.53,85.41,140.94,35.63,19.1,1.25,73.34,12.12,14.94,6.06,3.2,24.39,65.88,0.13,172.48,119.04,,0,,0.843462
330,26-Nov-2019 - 00:00,162.51,89.74,75.9,165.7,40.43,12.71,1.56,51.97,15.4,22.6,8.93,4.64,23.72,73.48,0.17,166.79,104.88,,0.01,,0.843462
331,27-Nov-2019 - 00:00,146.31,21.65,59.79,81.45,46.07,11.43,0.85,56.34,10.26,16.97,6.44,3.14,23.75,73.29,0.28,138.42,99.8,,0.01,,0.843462
332,28-Nov-2019 - 00:00,92.08,9.56,49.87,59.43,36.72,13.48,0.66,53.97,7.92,8.79,3.43,1.44,24.01,69.68,0.2,133.63,115.03,,0.01,,0.843462
333,29-Nov-2019 - 00:00,105.99,15.49,55.83,71.32,34,13.48,0.74,48.79,7.8,13.47,4.57,2.06,24.16,69.96,0.15,155.45,117.39,,0.01,,0.843462
334,30-Nov-2019 - 00:00,132.58,81.43,68.12,149.54,40.27,18.67,1.24,53.61,12.94,19.59,8.06,3.82,24.08,69.43,0.16,192.05,114.18,,0.01,,0.843462
335,01-Dec-2019 - 00:00,157.1,179.08,92.47,258.22,47.24,13.3,1.16,25.49,16.73,23.63,8.98,4.38,21.47,77.67,0.1,215.99,21.59,,-0.02,,0.692308
336,02-Dec-2019 - 00:00,75.71,30.3,75.14,103.7,27.45,18.37,0.73,63.67,5.97,17.68,3.86,1.68,24.1,46.09,0.23,252.83,149.81,,-0.01,,0.692308
337,03-Dec-2019 - 00:00,123.63,13.98,65.7,79.68,35.6,19.4,0.6,66.44,6.68,10.53,3.28,1.31,21.87,56.17,0.18,204.33,123.17,,0.01,,0.692308
338,04-Dec-2019 - 00:00,,,,,,,,,,,,,,,,,,,,,0.692308
339,05-Dec-2019 - 00:00,109,6.33,43.88,50.94,31.47,28.42,0.42,103.12,4.2,9.21,0.99,0.32,26.11,46.2,0.25,274.09,487.56,,0,,0.692308
340,06-Dec-2019 - 00:00,59.86,38.44,66.08,101.67,30.98,12.2,0.79,53.86,8.33,15.12,3.76,1.8,24.74,57.44,0.19,166.6,128.21,,0,,0.692308
341,07-Dec-2019 - 00:00,93.26,82.59,76.69,159.2,47.03,22.44,1.09,44.18,13.03,21.42,7.36,3.73,23.41,61.44,0.21,150.29,104.33,,0.01,,0.692308
342,08-Dec-2019 - 00:00,101.56,57.3,76.15,133.45,53.1,30.69,0.73,35.75,10.52,14.04,6.27,2.98,23.92,60.25,0.23,226.01,103.84,,0,,0.692308
343,09-Dec-2019 - 00:00,90.19,13.11,64.89,78,44.68,17.88,0.7,50.58,7.39,8.64,3.3,1.37,22.86,58.44,0.21,184.88,104.22,,0.01,,0.692308
344,10-Dec-2019 - 00:00,82.2,26.57,94.31,118.39,40.09,16.42,0.59,49.93,7.68,9.68,3.51,1.66,22.13,51.55,0.21,119.68,96.55,,0.01,,0.692308
345,11-Dec-2019 - 00:00,95.74,16.45,79.36,95.81,40.86,13.97,0.69,50.63,8.63,12.85,3.68,1.59,21.99,63.7,0.25,107.77,80.08,,0,,0.692308
346,12-Dec-2019 - 00:00,91.59,17.13,64.28,81.41,46.63,14.36,0.71,46.73,7.22,12.1,2.86,1.21,22.08,71.98,0.4,64.3,86.34,,0,,0.692308
347,13-Dec-2019 - 00:00,134.26,18.81,55.77,74.57,49.07,15.42,0.79,52.27,8.56,8.12,2.21,0.92,21.5,74.06,0.33,71.62,125.41,,0,,0.692308
348,14-Dec-2019 - 00:00,155.36,10.15,68.92,79.07,37.52,16.77,0.99,72.3,9.6,12.78,3.62,1.58,24.13,65.16,0.16,175.78,92.98,,0.01,,0.692308
349,15-Dec-2019 - 00:00,114.65,8.73,43.38,52.1,41.49,11.48,0.62,53.22,6.3,6.58,2.32,0.94,21.38,73.23,0.55,120.45,99.06,,0,,0.692308
350,16-Dec-2019 - 00:00,87.44,10.11,43.57,53.77,42.12,19.98,0.43,33.35,4.12,4.4,1.58,0.54,19.44,76.21,0.61,98.17,70.12,,0,,0.692308
351,17-Dec-2019 - 00:00,75.72,11.64,63.42,75.05,34.4,17.04,0.52,51.25,4.47,11.82,1.85,0.63,21.86,60.55,0.28,249.82,90.31,,0,,0.692308
352,18-Dec-2019 - 00:00,80.92,8.82,49.99,58.82,36.45,14.78,0.46,60.07,3.79,6.35,1.47,0.49,18.21,63.05,0.29,208.91,116.55,,0,,0.692308
353,19-Dec-2019 - 00:00,80.39,11.92,63.65,75.56,35.49,23.18,0.48,52.69,3.81,7.3,1.54,0.53,16.25,59.65,0.3,256.85,121.56,,0,,0.692308
354,20-Dec-2019 - 00:00,109.96,47.17,85.88,133.06,40.1,17.21,0.97,41.22,6.65,11.1,3.78,1.76,15.14,65.36,0.24,234.2,63.52,,0,,0.692308
355,21-Dec-2019 - 00:00,183.34,18.14,68.63,86.76,46.73,14.73,0.93,42.74,9.31,13.05,3.08,1.28,15.98,73.94,0.58,119.9,99.08,,0,,0.692308
356,22-Dec-2019 - 00:00,176.19,11.32,77.36,88.67,43.91,8.23,1.06,39.18,8.73,8.97,3.05,1.36,16.35,75.95,0.37,144.11,91.42,,0,,0.692308
357,23-Dec-2019 - 00:00,157.64,9.54,60.39,69.93,45.41,9.91,0.92,43.64,8.47,9.96,2.33,0.9,17.46,75.57,0.45,173.12,85.88,,0,,0.692308
358,24-Dec-2019 - 00:00,182.13,26.53,67.93,94.45,41.76,19.55,1.27,46.77,9.88,12.44,3.74,1.71,17.33,71.77,0.38,152.61,112.29,,0,,0.692308
359,25-Dec-2019 - 00:00,144.72,44.4,77.34,121.74,41.35,21.53,1.54,56.1,11.54,13.79,6.09,3.08,20.26,59.24,0.16,149.32,102.8,,0,,0.692308
360,26-Dec-2019 - 00:00,126.24,9.39,57.04,66.43,44.43,19.98,0.69,39.77,7.14,7.63,2.28,0.93,15.9,75.09,0.59,112.99,54.7,,0,,0.692308
361,27-Dec-2019 - 00:00,88.13,10,54.2,64.2,45.4,19.71,0.65,46.97,4.39,7.94,1.3,0.46,15.37,77.93,0.54,173.04,102.37,,-0.01,,0.692308
362,28-Dec-2019 - 00:00,,,,,,,,,,,,,,,,,,,,,0.692308
363,29-Dec-2019 - 00:00,101.45,29.12,82.33,111.45,42.13,24.21,0.85,50.54,5.06,8.07,3,1.15,19.4,53.81,0.24,229.61,156.24,,0,,0.692308
364,30-Dec-2019 - 00:00,132.58,38.77,76.5,117.43,41.28,30,0.9,46.8,6.53,10.53,3.19,1.36,18.7,56.97,0.3,242.5,201.83,,0,,0.692308
365,31-Dec-2019 - 00:00,175.11,115.62,98.1,213.72,34.71,23.08,1.99,45.61,18.26,28.35,6.36,3.27,20.34,56.51,0.17,193.22,192.33,,0,,0.692308
366,01-Jan-2020 - 00:00,,,,,,,,,,,,,,,,,,,,,0.692308
367,02-Jan-2020 - 00:00,126.75,29.67,79.88,109.53,45.31,18.74,1.17,39.42,11.18,17.47,5.67,2.82,21.78,60.28,0.2,153.02,84.67,,0,,0.692308
368,03-Jan-2020 - 00:00,54.36,12.24,44.6,56.83,54.34,15.99,0.38,22.75,3.8,7.85,1.66,0.63,17.01,90.17,0.49,127.5,52.14,,0,,0.692308
369,04-Jan-2020 - 00:00,82.08,73.61,52.68,126.26,56.42,17.69,1.2,15.31,8.98,18.38,4.92,2.45,16.78,93.18,0.29,144.27,59.58,,0,,0.692308
370,05-Jan-2020 - 00:00,113.04,84.74,57,141.74,64.99,19.41,1.18,9.95,9.81,14.32,5.93,2.76,16.63,93.17,0.21,216.38,63.14,,0,,0.692308
371,06-Jan-2020 - 00:00,109.06,52.47,63.24,113.74,50.58,13.04,0.79,29.88,6.72,12.21,4.79,2.23,16.55,77.02,0.22,181,121.22,,0,,0.692308
372,07-Jan-2020 - 00:00,131.14,21.74,71.27,93.01,44.52,20.55,0.88,39.77,6.07,10.37,2.81,1.22,16.13,76.96,0.32,180.53,120.08,,0,,0.692308
373,08-Jan-2020 - 00:00,145.77,31.33,61.4,92.73,53.01,19.84,0.8,42.48,7.87,11.33,3.74,1.89,17.77,74.34,0.49,117.17,144.17,,0,,0.692308
374,09-Jan-2020 - 00:00,115.14,40.38,74.23,111.72,40.74,17.98,1.03,34.18,12.02,16.41,4.73,2.29,19.13,75.22,0.24,133.82,62.43,,0,,0.692308
375,10-Jan-2020 - 00:00,105.06,25.13,68.13,93.27,53.66,22.84,0.6,28.61,5.78,9.93,2.85,1.1,18.04,69.78,0.3,260.39,116.3,,0,,0.692308
376,11-Jan-2020 - 00:00,80.51,13.23,59.42,72.64,50.21,25.03,0.44,39.07,3.08,6.29,1.33,0.43,16.35,69.52,0.33,262.76,132.9,,0,,0.692308
377,12-Jan-2020 - 00:00,98.93,83.09,91.47,174.54,48.37,24.23,1.17,42.02,6.15,7.79,4.87,1.9,18.58,57.78,0.19,225.75,160.82,,0,,0.692308
378,13-Jan-2020 - 00:00,101.44,26.97,83.61,110.58,56.33,27.18,0.68,46.95,4.46,6.17,2.05,0.81,17.42,56.88,0.31,219.81,148.32,,0,,0.692308
379,14-Jan-2020 - 00:00,147.3,53.97,111.36,161.55,43.75,29.13,1.55,46.2,10.46,21.99,9.06,3.93,20.5,54.86,0.13,156.62,149.26,,0,,0.692308
380,15-Jan-2020 - 00:00,222.94,172.25,125.68,297.94,73.93,29.6,2.21,37.24,18.85,28.5,11.79,6.26,19.17,67.05,0.15,166.49,113.91,,0,,0.692308
381,16-Jan-2020 - 00:00,208.44,165.52,105.9,247.21,67.12,19.14,2.15,37.21,15.24,23.5,10,5.51,21.12,67.26,0.13,176.91,111.69,,0,,0.692308
382,17-Jan-2020 - 00:00,181.66,137.45,84.86,222.31,91.27,24.36,1.5,35.97,16.43,20.74,8.55,4.39,21,71.97,0.23,137.78,167.79,,0,,0.692308
383,18-Jan-2020 - 00:00,129.17,162.9,106.69,271.23,52.45,36.31,2.09,34.28,12.69,24.33,10.42,5.11,23.03,51.29,0.17,200.76,119.15,,0,,0.692308
384,19-Jan-2020 - 00:00,137.97,73.62,69.67,143.29,88.04,24.09,0.74,28.49,10.47,13.94,5.66,2.52,20.46,68.34,0.43,164.57,158.75,,0.01,,0.692308
385,20-Jan-2020 - 00:00,71.61,8.5,51.1,60.32,59.15,26.07,0.43,57.95,3.1,5.54,0.84,0.25,21.31,54.9,0.28,241.67,268.64,,0,,0.692308
386,21-Jan-2020 - 00:00,95.39,14.1,51.19,65.08,37.13,22.67,0.77,45.17,6.48,14.59,3.37,1.48,19.74,57.31,0.21,168.09,147.33,,0,,0.692308
387,22-Jan-2020 - 00:00,123.54,55.34,60.23,109.28,61.34,23.4,0.86,41.99,7.79,12.57,3.75,1.65,18.52,66.37,0.22,193.43,135.27,,0,,0.692308
388,23-Jan-2020 - 00:00,214.3,11.28,4.67,15.73,4.91,19.47,0.26,52.84,0,0,,,22.26,57.34,0.24,264.6,89.52,,-0.01,,0.692308
389,24-Jan-2020 - 00:00,74.99,15.03,47.63,60.84,33.07,32.05,0.69,49.14,5.87,11.85,3.61,1.62,19.64,41.49,0.3,184.64,162.9,,0,,0.692308
390,25-Jan-2020 - 00:00,91.16,11.52,30.74,41.5,34.62,24.26,0.77,47.97,7.14,10.85,3.2,1.37,18.67,47.4,0.16,189.58,116.02,,0,,0.692308
391,26-Jan-2020 - 00:00,122.16,69.65,28.8,94.39,39.22,24.07,1.2,36.08,8.82,12.68,4.97,2.28,18.03,58.65,0.2,190.54,103.53,,0,,0.692308
392,27-Jan-2020 - 00:00,150.98,89,82.06,170.9,44.21,22.25,1.39,32.47,11.04,17.94,6.51,3.2,18.01,62.08,0.23,180.74,122.36,,0,,0.692308
393,28-Jan-2020 - 00:00,144.59,34.03,88.67,122.7,54.46,24.5,1.06,37.08,13.72,17.17,6.11,2.87,19.89,62.68,0.19,126.56,86.84,,0,,0.692308
394,29-Jan-2020 - 00:00,62.6,89.45,73.93,119.51,91.29,14.79,0.42,33.84,4.31,4.51,1.22,0.52,20.6,79.7,0.35,117.71,113.51,,0,,0.692308
395,30-Jan-2020 - 00:00,52.04,42.37,44.86,87.22,58.47,15.13,1.23,21.49,9.55,14.97,4.59,2.64,20.38,92.39,0.32,139.46,107.44,,0,,0.692308
396,31-Jan-2020 - 00:00,49.46,33.37,62.48,95.89,56.46,20.24,0.74,30.81,6.84,14.14,3.75,1.85,19.36,71.38,0.25,202.48,143.28,,0,,0.692308
397,01-Feb-2020 - 00:00,36.88,89.86,76.2,160.79,38.03,24.94,1.13,44.54,8.45,18.22,5.18,2.67,19.96,54.9,0.36,164.93,155.73,,0,,1.4972
398,02-Feb-2020 - 00:00,44.58,60.84,67.98,128.82,57.87,27.02,0.56,43.39,6.47,11.65,4.01,1.85,19.23,50.57,0.25,226.89,171.86,,0,,1.4972
399,03-Feb-2020 - 00:00,51.43,15.67,62.8,78.12,34.2,21.86,0.68,47.38,5.01,10.27,3.17,1.4,19.51,41.98,0.21,175.22,185.3,,0,,1.4972
400,04-Feb-2020 - 00:00,97.75,24.63,83.1,107.74,37.75,32.69,0.79,38.82,7.13,13.47,4.17,1.82,18.65,50.55,0.31,186.04,138.68,,0,,1.4972
401,05-Feb-2020 - 00:00,120.36,24.94,87.57,112.83,41,51.23,0.8,38.16,7.96,13.1,3.91,1.66,21.99,52.38,0.24,176.85,124.2,,0,,1.4972
402,06-Feb-2020 - 00:00,109.04,15.49,66.84,82.32,52.77,32.85,0.68,37.46,6.66,12.36,4.16,0.74,21.64,50.52,0.47,147.26,146.2,,0,,1.4972
403,07-Feb-2020 - 00:00,101.11,10.99,61.49,72.47,42.62,31.13,0.72,26.53,7.32,8.91,2.89,1.15,19.65,54.43,0.61,101.39,65.06,,0,,1.4972
404,08-Feb-2020 - 00:00,127.38,11,74.82,85.8,50.62,30.41,0.73,11.13,6.23,11.04,3.8,1.44,17.98,65.36,0.1,211.68,32.11,,0.01,,1.4972
405,09-Feb-2020 - 00:00,,,,,,,,,,,,,,,,,,,,,1.4972
406,10-Feb-2020 - 00:00,,,,,,,,,,,,,,,,,,,,,1.4972
407,11-Feb-2020 - 00:00,107.7,6.9,31.32,37.63,34.41,33.27,0.16,53.59,2.73,6.47,1.39,0.57,24.31,31.22,0.63,82.55,498.58,,-0.01,,1.4972
408,12-Feb-2020 - 00:00,,,,,,,,,,,,,,,,,,,,,1.4972
409,13-Feb-2020 - 00:00,106.75,31.94,103.07,135,32.47,24.46,1.08,31.38,5.39,12.54,3.52,1.79,22.69,40.35,0.32,213.33,191.87,,0,,1.4972
410,14-Feb-2020 - 00:00,148.52,120.14,135.47,255.33,68.72,42.99,1.56,21.67,16.61,28.65,9.01,4.38,21.8,55.84,0.27,197.55,141.59,,0,,1.4972
411,15-Feb-2020 - 00:00,107.95,47.01,100.8,148.07,66.54,28.41,0.86,33.25,7.91,12.7,3.93,1.87,22.91,48.51,0.39,217.5,171.4,,0,,1.4972
412,16-Feb-2020 - 00:00,121.55,46.31,102.69,149,71.88,24.67,0.93,31.94,9.3,11.83,4.69,2.16,22.39,53.17,0.24,181.23,127.2,,0,,1.4972
413,17-Feb-2020 - 00:00,134.98,64.04,92.62,156.22,70.16,15.26,1.13,27.92,10.94,12.09,6.09,2.77,22.75,55.67,0.28,182.61,121.34,,0,,1.4972
414,18-Feb-2020 - 00:00,136.76,53.23,63.49,114.92,52.96,11.54,0.93,26.58,11.64,18.91,5.2,2.82,22.81,65.54,0.3,216.75,147.53,,0,,1.4972
415,19-Feb-2020 - 00:00,116.13,29.12,66.59,95.06,67.72,34,0.57,28.48,9.87,13.93,3.86,1.82,23.13,70.37,0.39,205.21,125.81,,0,,1.4972
416,20-Feb-2020 - 00:00,77.96,17.36,57.83,74.92,53.08,28.55,0.41,32.49,5.32,8.21,2.32,0.98,23.82,69.16,0.48,216.41,139.28,,0,,1.4972
417,21-Feb-2020 - 00:00,108.33,61.45,51,109.5,53.83,14.13,0.75,31.94,9.8,15.15,4.84,2.26,23.41,61.25,0.27,154.86,102.79,,0.01,,1.4972
418,22-Feb-2020 - 00:00,119.19,20.69,68.06,88.75,50.23,15.46,0.67,37.14,6.88,9.47,2.56,1.33,24.35,50.48,0.28,217.3,143.86,,0,,1.4972
419,23-Feb-2020 - 00:00,107.01,32.27,50.86,82.01,55.91,9.65,0.72,29.49,6.29,7.48,2.76,1.25,24.03,59.13,0.53,112.95,118.84,,0,,1.4972
420,24-Feb-2020 - 00:00,140.38,69.38,47.33,115.85,57.15,16.12,1.05,25.3,10.57,13.41,5.73,2.81,22.75,66.69,0.34,117.37,66.15,,0,,1.4972
421,25-Feb-2020 - 00:00,106.3,30.16,65.51,95.67,66.96,11.85,0.69,22.34,8.78,13.42,3.95,1.69,20.37,79.6,0.25,169.64,49.41,,0,,1.4972
422,26-Feb-2020 - 00:00,50.67,22.09,51.55,73.63,53.93,18.15,0.39,30.43,5.36,9.99,2.19,0.97,21.65,68.96,0.32,222.47,103.11,,0,,1.4972
423,27-Feb-2020 - 00:00,66.09,17.16,61.03,78.18,54.55,17.3,0.57,30.61,5.69,8.83,3,1.35,22.11,65.92,0.36,170.36,79.68,,0,,1.4972
424,28-Feb-2020 - 00:00,87.22,18.72,59.58,78.07,47.68,12.29,0.55,32.23,5.97,8.35,2.38,1.09,22.43,61.38,0.51,141.27,132.04,,0,,1.4972
425,29-Feb-2020 - 00:00,85.5,16.71,57.59,74.29,52.64,13.82,0.53,35.3,6.29,8.5,3,1.34,23.65,51.85,0.23,152.7,199,,0.01,,1.4972
426,01-Mar-2020 - 00:00,121.27,54.14,59.3,113.43,54.01,16.23,0.85,32.23,8.41,11.93,4.65,2.13,24.35,57.48,0.17,213.67,137.44,,0,,1.4972
427,02-Mar-2020 - 00:00,125.81,37.08,71.16,107.9,51.17,23.06,0.75,30.2,8.73,13.29,4.8,2.28,25.56,58.87,0.24,216.49,133.08,,0,,1.4972
428,03-Mar-2020 - 00:00,101.14,15.17,56.38,71.56,49.67,15.96,0.56,33.03,7.28,9.23,2.34,0.95,24.01,69.36,0.49,157.02,117.66,,0,,1.4972
429,04-Mar-2020 - 00:00,65.85,23.19,52.15,75.34,46.75,18.88,0.42,30.94,5.09,9.56,2.23,0.92,23.76,71,0.44,199.31,117.05,,0,,1.4972
430,05-Mar-2020 - 00:00,47.68,26.79,52.73,79.48,48.94,18.58,0.45,29.59,6.89,12.15,2.72,1.15,22.89,71.57,0.38,189.07,131.29,,0,,1.4972
431,06-Mar-2020 - 00:00,47.58,22.13,38.93,61.06,44.28,16.53,0.37,26.38,6.87,11.22,2.68,1.15,24.31,73.82,0.36,201.12,107.69,,0,,1.4972
432,07-Mar-2020 - 00:00,37.57,14.89,34.55,49.43,46.63,15.03,0.38,29.43,3.46,5.7,1.44,0.6,23.22,83.74,0.46,123.81,101.23,,0,,1.4972
433,08-Mar-2020 - 00:00,58.63,24.04,47.71,71.51,45.35,17.57,0.58,30.92,4.1,5.86,2.37,1.01,24.9,70.45,0.32,219.17,141.07,,0,,1.4972
434,09-Mar-2020 - 00:00,65.24,15.9,50.53,66.43,43.44,18.6,0.43,44.05,3.49,5.23,3.15,1.24,24.57,50.89,0.3,182.57,158.5,,0,,1.4972
435,10-Mar-2020 - 00:00,75.03,12.56,56.64,69.19,35.76,18.82,0.56,41.96,4.64,6.32,2.35,1,24.51,52.22,0.26,191.18,144,,-0.01,,1.4972
436,11-Mar-2020 - 00:00,62.46,12.67,54.82,67.5,39.14,19.72,0.4,42.68,3.86,6.67,1.53,0.57,26.33,57.9,0.31,232.67,121.88,,0,,1.4972
437,12-Mar-2020 - 00:00,72.13,12.76,51.82,64.58,43.48,22.45,0.49,37.09,4.94,7.23,1.87,0.68,26.84,63.04,0.49,173.85,130.14,,0,,1.4972
438,13-Mar-2020 - 00:00,73.14,13.65,59.66,73.3,45.38,21.72,0.56,38.69,6.2,12.02,2.95,1.4,28.25,60.28,0.36,170.77,129.08,,0,,1.4972
439,14-Mar-2020 - 00:00,55.44,9.24,31.21,40.45,41.18,14.58,0.31,46.25,2.87,3.26,0.74,0.33,25.81,57.54,1.23,105.01,152.22,,-0.01,,1.4972
440,15-Mar-2020 - 00:00,23.58,10.52,41.82,52.35,42.32,18.12,0.36,40.35,1.62,3.28,0.91,0.31,24.86,58.91,0.37,196.26,154.15,,0,,1.4972
441,16-Mar-2020 - 00:00,63.74,13.77,47.19,60.97,44.32,23.97,0.51,40.41,3.75,6.83,1.61,0.68,26.77,58.74,0.3,202.47,142.46,,0,,1.4972
442,17-Mar-2020 - 00:00,69.97,11.11,45.2,56.31,50.99,17.22,0.44,34.83,5.85,21.48,2.38,1.39,27.38,51.59,0.45,141.49,146.27,,0,,1.4972
443,18-Mar-2020 - 00:00,95.39,25.54,53.58,79.11,48.01,15.09,0.6,26.82,7.01,10.97,3.31,1.61,26.73,51.33,0.56,169.54,134.73,,0,,1.4972
444,19-Mar-2020 - 00:00,91.46,16.02,59.18,75.15,37.7,17.25,0.58,31.41,7.24,10.02,3.3,1.92,27.31,43.86,0.29,189.41,135.5,,0,,1.4972
445,20-Mar-2020 - 00:00,46.2,12.76,46.06,58.83,37.93,19.06,0.37,37.47,3.91,6.94,1.73,0.83,26.14,47.58,0.53,230.24,146.21,,0,,1.4972
446,21-Mar-2020 - 00:00,57.07,16.25,44.82,61.04,38.13,14.71,0.29,37.99,5.44,8.65,2.4,1.2,27.21,58.41,0.51,213.78,142.76,,-0.01,,1.4972
447,22-Mar-2020 - 00:00,17.07,9.44,29.56,39.01,40.95,13.42,0.13,34.28,1.1,2.12,0.56,0.25,24.19,63.12,0.52,166.48,130.39,,-0.01,,1.4972
448,23-Mar-2020 - 00:00,36.03,10.21,30.33,40.54,39.77,13.51,0.27,39.02,2.72,3.22,0.89,0.46,26.09,63.08,0.45,159.44,152.89,,0,,1.4972
449,24-Mar-2020 - 00:00,39.18,10.5,25.2,35.7,39.06,12.95,0.31,35.96,3.03,2.62,0.81,0.43,26.72,62.91,0.45,125.02,143.72,,0,,1.4972
450,25-Mar-2020 - 00:00,68.87,11.78,27.31,39.28,38.41,13.6,0.35,31.41,5.54,4.92,1.88,0.94,27.55,60.54,0.33,208.59,142.54,,0,,1.4972
451,26-Mar-2020 - 00:00,41.61,10.19,24.98,35.16,37.96,12.48,0.3,37.2,2.53,3.97,1.05,0.5,29.13,57.28,0.32,203.73,167.85,,0,,1.4972
452,27-Mar-2020 - 00:00,56.53,9.09,24.42,33.52,34.26,13.63,0.27,39.83,2.86,2.47,0.8,0.39,30.47,44.48,0.35,224.51,168.03,,0,,1.4972
453,28-Mar-2020 - 00:00,51.97,8.94,27.89,36.81,32.41,14.09,0.34,19.32,3.04,2.82,1.11,0.52,30.26,49.85,0.32,230.09,117.86,,0,,1.4972
454,29-Mar-2020 - 00:00,39.32,8.83,24.12,32.94,32.63,13.51,0.25,20.45,2.63,2.07,0.83,0.39,30.23,41.6,0.44,246.7,199.73,,0,,1.4972
455,30-Mar-2020 - 00:00,43.2,8.7,27.72,36.42,31.26,16.17,0.26,40.61,2.97,2.28,0.96,0.44,30.69,37.48,0.36,218.1,199.52,,0,,1.4972
456,31-Mar-2020 - 00:00,48.59,8.77,27.09,35.86,31.19,15.5,0.3,32.12,3.16,2.63,1.16,0.56,29.79,41.75,0.34,222.85,153.32,,0.01,,1.4972
457,01-Apr-2020 - 00:00,54.69,8.7,21.34,30.05,31.82,12.88,0.29,37.13,1.78,1.76,0.57,0.27,30.5,55.64,0.59,217.15,148.56,,0,,1.4972
458,02-Apr-2020 - 00:00,44.29,8.63,21.21,29.84,33.07,12.59,0.27,34.98,1.53,1.74,0.48,0.25,29.95,60,0.57,221.14,144.94,999.88,0,,1.4972
459,03-Apr-2020 - 00:00,49.75,8.98,21.49,30.48,34.91,12.42,0.34,33.47,2.33,2.88,0.81,0.39,31.05,56.22,0.38,192.01,141.11,,0,,1.4972
460,04-Apr-2020 - 00:00,65.39,8.89,23.99,32.88,32.26,14.17,0.34,35.54,3.23,2.93,0.9,0.41,31.19,45.44,0.53,176.38,132.05,,0,,1.4972
461,05-Apr-2020 - 00:00,52.31,8.65,19.72,28.37,30.01,12.9,0.3,50.44,1.97,1.63,0.48,0.22,30.73,54.1,0.42,224.62,135.32,,0,,1.4972
462,06-Apr-2020 - 00:00,55.37,8.71,28.56,37.26,29.89,13.97,0.31,51.68,2.25,2.77,0.87,0.42,31,48.45,0.42,221.34,161.09,,0,,1.4972
463,07-Apr-2020 - 00:00,46.82,8.59,22.25,30.85,29.83,15.25,0.25,62.56,1.56,1.5,0.43,0.2,30.95,50.25,0.75,217.72,148.41,,0,,1.4972
464,08-Apr-2020 - 00:00,23.59,8.58,23.76,32.34,31.43,14.86,0.21,57.1,1.32,1.61,0.41,0.18,29.82,44.72,0.68,221.75,113.14,,0,,1.4972
465,09-Apr-2020 - 00:00,20.06,8.4,23.52,31.92,27.16,15.77,0.19,55.92,1.11,1.36,0.3,0.14,29.6,42.04,0.48,214.67,153.36,,0,,1.4972
466,10-Apr-2020 - 00:00,18.96,8.57,18.82,27.39,30.11,13.77,0.22,43.18,1.06,1.41,0.32,0.15,29.63,64.3,0.72,212.74,136.43,,0,,1.4972
467,11-Apr-2020 - 00:00,19.51,8.6,18.31,26.91,32.27,12.6,0.2,51.44,0.87,1.28,0.26,0.13,30.07,61.23,0.84,189.54,143.67,,-0.01,,1.4972
468,12-Apr-2020 - 00:00,25.65,8.77,16.02,24.8,29.61,12.81,0.19,46.81,1.34,1.51,0.25,0.14,28.74,65.45,0.37,136.2,137.38,,0,,1.4972
469,13-Apr-2020 - 00:00,26.17,8.38,14.72,23.1,31.56,11.57,0.22,51.66,1.29,1.46,0.25,0.13,29.71,72.71,0.42,210.21,139.93,,-0.01,,1.4972
470,14-Apr-2020 - 00:00,23.16,8.44,13.22,21.65,30.37,11.45,0.21,45.47,1.07,1.43,0.24,0.13,30.45,70.65,0.46,172.59,168.55,,-0.01,,1.4972
471,15-Apr-2020 - 00:00,26.01,8.47,16.14,24.61,29.36,11.69,0.21,48.53,1.2,1.63,0.33,0.16,28.85,70.98,0.86,177.86,130.5,,0,,1.4972
472,16-Apr-2020 - 00:00,30.04,8.83,19.55,28.37,30.29,11.77,0.27,43.86,2.18,2.55,0.54,0.25,27.95,69.56,0.61,140.56,142.69,,0,,1.4972
473,17-Apr-2020 - 00:00,24.48,8.47,15.94,24.41,30.24,11.92,0.21,48.08,0.8,1.81,0.27,0.13,30.25,65.8,0.91,219.1,164.54,999.84,-0.01,,1.4972
474,18-Apr-2020 - 00:00,18.02,8.65,17.15,25.8,31.75,11.66,0.19,42.33,0.7,1.65,0.26,0.12,28.98,69.45,0.8,219.35,116.95,,-0.01,,1.4972
475,19-Apr-2020 - 00:00,13.83,8.61,21.91,30.51,31.65,13,0.17,61.61,0.63,1.22,0.21,0.1,29.24,61.65,0.97,207.92,158.95,,-0.01,,1.4972
476,20-Apr-2020 - 00:00,14.86,8.62,14.45,23.07,30.27,11.59,0.19,41.37,0.78,1.6,0.21,0.1,29.06,72.07,0.79,183.92,130.06,,-0.01,,1.4972
477,21-Apr-2020 - 00:00,13.2,8.88,23.62,32.49,28.56,12.8,0.21,57.4,1.23,3.17,0.47,0.2,23.87,68.72,0.74,188.24,71.73,,-0.02,,1.4972
478,22-Apr-2020 - 00:00,16.21,8.85,19.48,28.32,26.06,14.4,0.2,46.54,1.14,2.08,0.34,0.15,26.35,71.66,0.56,165.1,118.74,,0,,1.4972
479,23-Apr-2020 - 00:00,14.67,9.03,17.91,26.96,27.99,9.73,0.19,34.3,1.02,2.56,0.37,0.17,26.75,75.8,0.61,156.7,105.22,999.5,0,,1.4972
480,24-Apr-2020 - 00:00,11.09,8.73,17.46,26.19,27.04,8.7,0.18,43.46,0.79,1.52,0.27,0.12,26.14,75.26,0.62,196.09,117.71,999.61,-0.01,,1.4972
481,25-Apr-2020 - 00:00,13.87,8.76,16.88,25.64,25.74,8.33,0.19,52.67,0.93,1.84,0.27,0.12,27.78,69.39,0.43,211.48,128.58,,0,,1.4972
482,26-Apr-2020 - 00:00,14.58,8.51,16.47,24.98,25.94,7.98,0.19,54.32,1.14,1.39,0.23,0.11,27.27,71.75,0.64,182.35,121.95,,-0.02,,1.4972
483,27-Apr-2020 - 00:00,9.37,8.72,14.95,23.66,24.72,7.49,0.19,35.93,0.87,1.61,0.27,0.13,25.47,80.84,0.63,102.94,103.5,,0,,1.4972
484,28-Apr-2020 - 00:00,7.96,8.66,15.42,24.08,25.06,7.55,0.18,33.75,0.91,1.69,0.32,0.15,25.22,83.78,0.4,114.47,86.54,,0,,1.4972
485,29-Apr-2020 - 00:00,19.05,9.11,19.18,28.29,23.92,7.51,0.25,41.83,1.54,2.82,0.58,0.26,26.98,73.78,0.31,140.44,136.5,,0,,1.4972
486,30-Apr-2020 - 00:00,14.33,8.72,16.65,25.37,23.58,8.03,0.16,44.51,0.95,2.11,0.3,0.14,28.29,70.51,0.43,194.42,145.29,,0,,1.4972
487,01-May-2020 - 00:00,11.07,8.46,15.72,24.18,24.12,7.54,0.15,45.76,0.74,1.44,0.25,0.13,25.44,79.15,0.52,172.47,86.36,,-0.01,,1.170331
488,02-May-2020 - 00:00,15.82,8.73,19.49,28.21,22.74,7.57,0.21,38.86,1.37,2.31,0.38,0.17,25.75,78.34,0.33,163.88,128.91,999.81,0,,1.170331
489,03-May-2020 - 00:00,18.05,8.56,15.61,24.16,22.52,7.44,0.2,53.66,1.27,2.13,0.4,0.19,27.65,71.04,0.29,144.12,149.16,,0,,1.170331
490,04-May-2020 - 00:00,22.87,8.52,17.16,25.68,21.04,6.84,0.21,37.64,1.33,2.79,0.56,0.24,28.9,73.79,0.28,195.63,120.18,,0,,1.170331
491,05-May-2020 - 00:00,17.56,8.64,15.68,24.31,21.91,6.73,0.21,35.69,1.31,2.47,0.49,0.2,29.38,72.07,0.45,219.62,123.26,,0,,1.170331
492,06-May-2020 - 00:00,12.89,8.6,17.74,26.33,20.99,6.92,0.23,47.6,1.22,2.91,0.45,0.19,27.08,75.95,0.39,189.62,154.87,,0,,1.170331
493,07-May-2020 - 00:00,16.34,8.45,18.61,27.05,20.44,6.94,0.17,46.44,1.29,2.5,0.67,0.26,28.33,70.98,0.45,175.22,130.83,999.84,-0.01,,1.170331
494,08-May-2020 - 00:00,14.41,8.47,16.08,24.56,20.24,7.11,0.19,57.39,0.82,1.97,0.27,0.12,28.83,67.7,0.56,198.22,165.56,999.65,0,,1.170331
495,09-May-2020 - 00:00,19.29,8.33,14.54,22.87,19.11,6.33,0.18,50.72,0.94,2.51,0.33,0.14,31.52,62.61,0.39,217.84,179.28,1000,0,,1.170331
501,15-May-2020 - 00:00,,,,,,,,,,,,,,,,,,,,,1.170331
502,16-May-2020 - 00:00,,,,,,,,,,,,,,,,,,,,,1.170331
503,17-May-2020 - 00:00,,,,,,,,,,,,,,,,,,,,,1.170331
504,18-May-2020 - 00:00,,,,,,,,,,,,,,,,,,,,,1.170331
505,19-May-2020 - 00:00,8.89,8.51,10.96,19.47,19.62,6.47,0.18,29.56,1.15,1.61,,0.12,26.99,75.77,1.47,70.77,44.83,995.43,-0.02,,1.170331
506,20-May-2020 - 00:00,8.24,8.67,11.48,20.15,19.02,6.87,0.14,41.19,0.59,0.92,,0.05,24.4,93.6,4.19,91.28,45.78,982.32,-0.13,,1.170331
507,21-May-2020 - 00:00,2.74,8.28,11.46,19.74,17.83,7.01,0.22,40.45,0.69,0.89,,0.08,23.74,94.61,2.29,225.51,56.49,988.48,-0.03,,1.170331
508,22-May-2020 - 00:00,,,,,,,,,,,,,,,,,,,,,1.170331
509,23-May-2020 - 00:00,,,,,,,,,,,,,,,,,,,,,1.170331
510,24-May-2020 - 00:00,,,,,,,,,,,,,,,,,,,,,1.170331
511,25-May-2020 - 00:00,,,,,,,,,,,,,,,,,,,,,1.170331
512,26-May-2020 - 00:00,,,,,,,,,,,,,,,,,,,,,1.170331
513,27-May-2020 - 00:00,16.25,8.12,5.36,13.48,1.18,9.38,,38.02,2.03,16.05,,0.19,28.98,73.32,1.33,218.03,41.02,960.2,0.01,,1.170331
514,28-May-2020 - 00:00,,,,,,,,,,,,,,,,,,,,,1.170331
515,29-May-2020 - 00:00,,,,,,,,,,,,,,,,,,,,,1.170331
516,30-May-2020 - 00:00,,,,,,,,,,,,,,,,,,,,,1.170331
517,31-May-2020 - 00:00,,,,,,,,,,,,,,,,,,,,,1.170331
518,01-Jun-2020 - 00:00,15.87,9.55,16.12,25.67,11.96,11.76,0.23,60.92,1.99,31.12,,0.75,28.45,78.18,1.04,213.71,124.33,,-0.01,,1.170331
519,02-Jun-2020 - 00:00,14.26,21.53,21.2,30.67,12.71,11.51,0.25,69.39,2.74,28.2,,0.94,29.1,74.74,0.92,201.08,151.16,,0,,1.170331
520,03-Jun-2020 - 00:00,16.97,63.49,53.16,50.14,23.43,11.39,0.3,75.88,2.42,18.37,,0.5,29.91,72.08,1.1,214.13,185,,-0.01,,1.170331
521,04-Jun-2020 - 00:00,18.82,,,,,11.64,0.22,64.27,1.72,24.18,,0.47,30.42,74.68,1.33,204.6,173.37,,-0.01,,1.170331
522,05-Jun-2020 - 00:00,13.52,18.63,24.33,25.72,12.92,11.75,0.2,67.51,1.54,25.14,,0.49,30.14,75.4,1.41,195.76,183.59,,-0.02,,1.170331
523,06-Jun-2020 - 00:00,17.95,53.43,51.22,45.91,19.19,11.44,0.26,81.57,1.59,22.65,,0.44,31.62,68.39,1.07,219.41,163.5,,-0.01,,1.170331
524,07-Jun-2020 - 00:00,25.6,15.79,24.95,22.17,12.22,11.37,0.29,75.14,2.34,20.07,,0.55,29.6,78.34,0.52,190.77,104.18,,-0.01,,1.170331
525,08-Jun-2020 - 00:00,23.21,14.59,22.08,23.92,12.71,45.63,0.32,70.72,3.69,24.84,,0.83,29.63,78.71,0.43,197.09,170.5,,-0.02,,1.170331
526,09-Jun-2020 - 00:00,20.84,7.74,10.53,18.28,9.49,,0.23,60.48,3.58,24.12,,0.86,30.75,75.2,0.61,134.19,172.75,,-0.07,,1.170331
527,10-Jun-2020 - 00:00,9.18,6,8.7,15.36,5.17,138.18,0.23,130.54,1.73,11.26,,0.29,30.3,72.5,0.99,91.68,157.24,,0,,1.170331
528,11-Jun-2020 - 00:00,7.49,6.07,9.69,16.74,5.86,,0.26,66.86,1.79,18.27,,0.46,27.82,88.26,0.65,68.97,81.99,,0,,1.170331
529,12-Jun-2020 - 00:00,7.17,5.59,10.4,16.94,7.42,,0.23,56.75,2.92,16.9,,0.53,26.95,94.93,0.71,74.3,61.26,,-0.01,,1.170331
530,13-Jun-2020 - 00:00,8.59,5.05,7.56,13.45,6.91,,0.25,63.58,1.96,4.19,,0.32,27.97,91.94,0.36,79.77,85.23,,0,,1.170331
531,14-Jun-2020 - 00:00,10.13,4.84,6.53,11.78,7.43,,0.21,,0.73,2.02,,0.15,27.36,94.88,0.37,142.31,71.99,,-0.01,,1.170331
532,15-Jun-2020 - 00:00,12.97,5.09,6.93,10.45,7.56,4.44,0.2,32.96,,,,,28.16,89.58,1.64,194.12,110.13,,-0.1,,1.170331
533,16-Jun-2020 - 00:00,10.27,4.94,5.29,8.78,8.54,5.69,0.19,33.62,,,,,27.88,90.82,1.35,198.46,109.08,,-0.01,,1.170331
534,17-Jun-2020 - 00:00,16.24,6.32,27.01,34.26,6.37,4.99,0.33,29.22,8.66,35.65,,1.76,28.47,86.55,2.69,217.45,97.01,,-0.04,,1.170331
535,18-Jun-2020 - 00:00,18.88,6.04,25.83,31.79,5.05,5.5,0.31,39.94,4.49,20.72,,0.29,28.65,85.86,2.36,218.08,85.99,,-0.04,,1.170331
536,19-Jun-2020 - 00:00,20.41,7.28,10.74,17.98,8.72,7.02,0.29,48.23,3.12,13.96,,0.07,29.06,84.04,1.52,217.27,103.27,,-0.15,,1.170331
537,20-Jun-2020 - 00:00,10.07,8.17,8.7,16.87,7.61,7.51,0.21,41.92,0.66,6.77,,0.03,29.22,82.92,0.87,196.42,134.88,,-0.05,,1.170331
538,21-Jun-2020 - 00:00,8.9,8.39,5.55,13.94,7.44,8.13,0.21,51.65,0.64,2.34,,0.05,28.07,88.07,0.67,149.8,92.24,,-0.02,,1.170331
539,22-Jun-2020 - 00:00,12.84,8.27,7.61,15.89,7.81,7.38,0.22,51.11,0.54,4.82,,0.05,28.83,84.93,1.23,192.21,143.4,,-0.01,,1.170331
540,23-Jun-2020 - 00:00,16.03,8.71,8.93,17.62,6.9,7.6,0.27,41.63,2.29,9.98,,0.1,29.13,84.31,1.23,195.03,100.86,,0,,1.170331
541,24-Jun-2020 - 00:00,19.32,18.36,18.75,29.58,11.86,7.17,0.27,43.14,1.64,11.96,,0.06,30.5,75.68,2.28,218.1,170.65,,0,,1.170331
542,25-Jun-2020 - 00:00,16.54,17.54,10.74,26.06,16.09,7.46,0.23,37.76,0.2,13.27,,0.03,30.43,72.53,2.36,218.36,191.41,,0,,1.170331
543,26-Jun-2020 - 00:00,12.49,13.37,13.95,27.32,17.99,8.21,0.24,45.41,1.82,26.13,,0.39,29.55,74.59,2.33,219.57,170.68,,0,,1.170331
544,27-Jun-2020 - 00:00,9.84,12.96,18.39,31.23,13.49,8.58,0.26,42.42,3.26,35.11,,0.96,27.94,84.35,1.96,221.2,94.85,,0,,1.170331
545,28-Jun-2020 - 00:00,10.9,13.4,20.33,33.68,12.01,8.68,0.27,42.77,2.13,31.84,,1,27.12,89.4,1.58,222.14,120.88,,0,,1.170331
546,29-Jun-2020 - 00:00,16.66,12.28,15.67,27.85,13.04,7.33,0.37,49.7,5.24,29.87,,1.18,27.83,89.17,0.99,201.54,115.46,,0.01,,1.170331
547,30-Jun-2020 - 00:00,18.34,30.33,26.16,49.88,24.31,7.92,0.26,46.62,4.2,35.01,,1.23,29.58,81.19,1.88,221.62,137.79,,0.01,,1.170331
548,01-Jul-2020 - 00:00,14.22,14.99,19.98,34.46,21.58,7.89,0.34,51.26,2.38,27.97,,0.93,30.75,75.12,2.23,218.31,176.99,,0,,1.170331
549,02-Jul-2020 - 00:00,11.78,13.49,35.5,48.98,15.41,8.24,0.4,50.5,2.05,25.97,,0.65,31.12,71.11,2.15,216.85,187.54,,0.01,,1.170331
550,03-Jul-2020 - 00:00,7.86,14.96,16.24,30.85,17.93,8.7,0.32,53.79,1.48,19.54,,0.5,30.63,75.8,1.14,218.35,156.68,,0.01,,1.170331
551,04-Jul-2020 - 00:00,23.4,,,,,8.75,0.21,49.34,1.06,18.98,,0.61,29.49,82.31,0.55,160.14,112.64,,-0.01,,1.170331
552,05-Jul-2020 - 00:00,24.44,,,,,9.05,0.2,41.42,0.98,26.39,,0.9,28.07,90.68,0.59,126.13,94.15,,0,,1.170331
553,06-Jul-2020 - 00:00,24.05,36.78,26,62.77,60.58,8.69,0.24,51.56,0.98,21.74,,0.7,28.13,89.45,0.33,136.64,133.59,,0.01,,1.170331
554,07-Jul-2020 - 00:00,35.86,21.28,30.85,52.13,47.26,8.56,0.29,44.47,2.48,30.93,,1.09,28.66,88.67,0.47,162.66,125.42,,0,,1.170331
555,08-Jul-2020 - 00:00,44.88,18.62,41.82,55.21,38.01,7.96,0.36,60.61,4.2,33.34,,1.32,29.61,81.77,0.86,213.97,161.21,,0.01,,1.170331
556,09-Jul-2020 - 00:00,39.85,,,,,10.21,0.28,43.12,2.83,36.55,,1.19,29.49,81.94,1.09,216.94,154.84,,0,,1.170331
557,10-Jul-2020 - 00:00,27.11,139.38,196.14,167.52,271.55,10.09,0.28,56.16,1.88,29.26,,1.36,30.23,76.32,1.57,214.6,185.35,995.56,0,,1.170331
558,11-Jul-2020 - 00:00,30.75,,,,,10.12,0.24,41.34,2.64,38.23,,0.99,28.62,84.81,1.08,231.2,116.92,995.95,0,,1.170331
559,12-Jul-2020 - 00:00,38.26,,,,,9.14,0.24,42.94,2.25,35.85,,1.02,29.65,81.8,0.82,207.09,150.41,995.99,0.01,,1.170331
560,13-Jul-2020 - 00:00,,,,,,,,,,,,,,,,,,,,,1.170331
561,14-Jul-2020 - 00:00,27,,,,,10.38,0.22,67.79,1.22,8.69,,0.24,33.26,61.6,0.32,47.48,569.55,994.7,0.01,,1.170331
562,15-Jul-2020 - 00:00,,,,,,,,,,,,,,,,,,,,,1.170331
563,16-Jul-2020 - 00:00,,,,,,,0.35,43.61,3.47,15.51,,0.57,30.63,78.93,0.66,30.35,621.41,995.4,0.01,,1.170331
564,17-Jul-2020 - 00:00,29.52,,,,,8.91,0.37,82.54,3.3,17.84,,0.43,31.49,67.71,1.19,217.26,460.31,997.42,0.01,,1.170331
565,18-Jul-2020 - 00:00,27.75,,,,,,0.32,73.93,3.11,25.54,,0.49,33.81,60.02,3.21,217.49,599.56,998.4,0.01,,1.170331
566,19-Jul-2020 - 00:00,,,,,,,,,,,,,,,,,,,,,1.170331
567,20-Jul-2020 - 00:00,65.03,,,,,9.17,0.34,50.68,4.34,31.16,,0.92,29.05,81.72,1.05,205.94,167.65,997.38,0.01,,1.170331
568,21-Jul-2020 - 00:00,39.58,,,,,9.94,0.34,47.26,3.67,34.53,,1.03,27.88,88.84,0.94,216.76,81.28,998.48,0,,1.170331
569,22-Jul-2020 - 00:00,46.09,,,,,9.41,0.41,52.04,4.23,32.66,,1.12,27.72,90.04,0.49,207.6,93.18,998.12,0,,1.170331
570,23-Jul-2020 - 00:00,34.01,,,,,9.49,0.25,45.53,3.7,36.02,,0.99,26.11,93.45,0.44,227.37,79.71,997.85,0,,1.170331
571,24-Jul-2020 - 00:00,33.01,,,,,9.56,0.27,60,3.6,26.11,,0.91,27.85,89.19,0.4,199.76,110.99,999.35,0.01,,1.170331
572,25-Jul-2020 - 00:00,33.98,,,,,11.44,0.22,39.46,2.99,32.17,,0.91,29.22,80.75,0.64,212.84,150.65,999.8,0,,1.170331
573,26-Jul-2020 - 00:00,47.37,,,,,11.39,0.27,35.86,1.74,31.39,,0.78,30.49,78.37,0.67,209.7,141.99,998.77,0,,1.170331
574,27-Jul-2020 - 00:00,56.1,,,,,10.28,0.32,50.58,3.09,27.24,,0.88,29.43,84.42,0.53,183.66,94.46,998.66,0,,1.170331
575,28-Jul-2020 - 00:00,47.09,,,,,10.73,0.36,49.41,5.04,31.81,,1.34,28.71,87.14,0.4,169.92,94.31,998.51,0.01,,1.170331
576,29-Jul-2020 - 00:00,23.52,,,,,11.35,0.27,44.55,3.11,27.84,,0.94,27.87,88.16,0.54,214.42,115.81,998.96,0,,1.170331
577,30-Jul-2020 - 00:00,21.26,,,,,10.08,0.22,45.99,3.39,28.15,,0.91,29.68,79.49,0.53,206,147.11,999.14,0,,1.170331
578,31-Jul-2020 - 00:00,20.14,7.17,20.86,28.04,12.5,8.55,0.31,47.84,3.18,28.42,,0.97,29.66,80.95,0.38,228.1,130.18,998.58,-0.02,,1.170331
579,01-Aug-2020 - 00:00,21.36,6.44,16.37,22.81,14.75,7.89,0.29,52.07,2.4,24.17,,0.87,31.01,74.71,0.52,179.9,166.33,997.15,-0.02,,1.170331
580,02-Aug-2020 - 00:00,33.38,5.43,15.97,21.38,14.23,8.62,0.27,44.34,1.67,26.58,,0.74,31.09,76.6,0.46,191.13,111.84,994.33,0,,1.170331
581,03-Aug-2020 - 00:00,71.65,4.59,19.09,23.68,13.67,6.97,0.38,56.02,2.61,23.03,,0.83,31.46,77.39,0.44,207.58,110.37,990.25,0,,1.170331
582,04-Aug-2020 - 00:00,38.42,5.71,18.86,24.57,22.2,8.51,0.39,42.65,2.94,31.11,,1.05,26.49,97.52,0.45,186.4,36.66,987.09,0,,1.170331
583,05-Aug-2020 - 00:00,15.85,4.45,11.49,15.94,15.31,8.52,0.21,44.21,0.87,26.01,,0.58,26.98,96.01,0.89,60.02,62.41,988.36,0,,1.170331
584,06-Aug-2020 - 00:00,17.71,4.55,11.86,16.3,15.32,8.19,0.28,51.41,1.35,22.75,,0.58,26.82,96.23,0.48,108.71,69.82,995.29,0.01,,1.170331
585,07-Aug-2020 - 00:00,28.61,4.6,12.31,16.91,15.45,7.52,0.29,55.63,2.99,23.48,,0.9,28.84,87.34,0.48,196.91,142.18,996.81,0,,1.170331
586,08-Aug-2020 - 00:00,34.14,4.05,9.91,13.96,15.16,9.63,0.18,38.25,2.08,26.55,,0.76,29.28,86.6,0.34,221.72,113.4,994.97,0,,1.170331
587,09-Aug-2020 - 00:00,22.3,4.06,9.02,13.09,15.22,9.84,0.23,38.3,0.68,24.62,,0.52,29,84.58,0.35,195.76,163.27,994.56,0,,1.170331
588,10-Aug-2020 - 00:00,18.26,4.26,12.22,16.49,16.19,8.4,0.26,45.58,0.99,16.11,,0.41,30.21,79.39,0.51,166.54,161.45,995.31,0,,1.170331
589,11-Aug-2020 - 00:00,32.52,5.74,16.53,22.24,15.62,8.02,0.26,48.33,2.62,23.05,,0.78,29.87,82.08,1.13,213.93,109.3,995.14,0,,1.170331
590,12-Aug-2020 - 00:00,28.04,8.43,15.16,23.58,15.36,8.3,0.24,41.87,1.76,21.81,,0.62,29.88,82.02,1.24,224.54,104.13,995.01,0,,1.170331
591,13-Aug-2020 - 00:00,15.36,8.35,10.46,18.79,16.35,8.75,0.18,37.57,0.78,23.34,,0.51,29.67,82.22,0.67,151.04,186.9,994.01,0,,1.170331
592,14-Aug-2020 - 00:00,17.02,13.36,16.43,29.33,16.02,8.35,0.25,47.55,0.95,14.44,,0.38,29.2,85.26,1.16,75.92,201.01,990.77,0,,1.170331
593,15-Aug-2020 - 00:00,16.24,9.37,13.21,22.58,16.75,8.69,0.24,34.36,0.98,23.27,,0.5,28.19,90.76,1.2,133.26,118.03,989.76,0,,1.170331
594,16-Aug-2020 - 00:00,23.37,8.79,13.39,22.19,16.6,8.77,0.24,35.45,1.08,24.02,,0.55,28.84,86.96,1.08,178.87,175.89,991.53,0,,1.170331
595,17-Aug-2020 - 00:00,26.9,13.21,16.56,29.76,16.95,6.72,0.3,42.91,3.74,24.94,,0.72,27.3,93.84,1.33,230.86,81.46,993.82,0.01,,1.170331
596,18-Aug-2020 - 00:00,31.38,10.05,17.96,27.92,16.11,6.85,0.37,47.78,5.9,25.45,,2.22,27.43,93.47,1.2,219.43,121.52,994.05,0.01,,1.170331
597,19-Aug-2020 - 00:00,16.57,8.87,15.69,24.56,15.69,7.44,0.22,40.2,1.81,20.05,,0.6,27.13,92.93,1.28,69.52,113.63,991.58,0,,1.170331
598,20-Aug-2020 - 00:00,13.18,8.59,11.24,19.82,17.1,7.64,0.18,38.7,0.74,22.9,,0.53,26.58,95.44,0.92,106.28,79.68,993.99,0.01,,1.170331
599,21-Aug-2020 - 00:00,16.01,6.8,8.97,15.68,15.39,5.81,0.19,31.32,1.15,19.73,,0.43,26.19,97.47,0.78,238.99,65.69,998.25,0.01,,1.170331
600,22-Aug-2020 - 00:00,35.66,7.68,16.19,23.82,9.52,5.17,0.4,16.41,6.82,30.5,,1.46,27.3,93.36,0.32,171.97,104.42,999.18,0.01,,1.170331
601,23-Aug-2020 - 00:00,45.15,9.47,21.41,30.86,7.25,5.13,0.31,15.55,6.08,29.14,3.53,1.61,27.66,92.72,0.27,209.59,101.66,998.43,0.01,,1.170331
602,24-Aug-2020 - 00:00,42.5,9.47,23.52,32.99,9.33,4.85,0.37,21.06,3.93,24.3,2.63,1.17,27.73,89.97,0.36,189.39,148.33,997.45,0.01,,1.170331
603,25-Aug-2020 - 00:00,37.07,9.17,15.64,24.84,10.09,5.95,0.29,24.38,3.05,20.61,2.05,0.93,29.11,84.17,0.91,131.13,187.32,996.15,0.01,,1.170331
604,26-Aug-2020 - 00:00,16.04,6.91,11.17,18.06,10.97,6.61,0.24,25.74,1.02,17.32,0.97,0.43,27.05,94,1.21,135.05,108.88,994.49,0.01,,1.170331
605,27-Aug-2020 - 00:00,20.95,6.92,7.47,14.24,11.87,6.76,0.19,21.23,0.96,23.05,1.11,0.49,26.29,96.36,1.15,231.77,70.3,997.42,0.01,,1.170331
606,28-Aug-2020 - 00:00,33.11,11.84,18.76,30.38,9.56,6.07,0.33,26.92,3.01,24.43,1.78,0.77,28.11,88.41,1.91,221.04,136.48,997.89,0.01,,1.170331
607,29-Aug-2020 - 00:00,35.8,9.01,22.57,31.51,8.25,6.41,0.26,23.4,3.03,28.07,2.01,0.94,29.82,80.86,2.08,216.78,192.84,998.7,0.01,,1.170331
608,30-Aug-2020 - 00:00,38.35,8.63,20.07,28.7,8.92,6.17,0.31,21.92,2.59,23.72,1.91,0.87,29.95,83.04,1.68,215.3,137.06,999.27,0.01,,1.170331
609,31-Aug-2020 - 00:00,47.1,7.69,16.82,24.44,9.28,6.34,0.26,23.43,2.26,21.21,1.62,0.72,31.13,78.63,1.28,223.25,144.44,998.77,0.01,,1.170331
610,01-Sep-2020 - 00:00,43.27,13.05,22.98,35.65,8.49,6,0.41,25.33,6.27,25.39,3.03,1.4,26.34,94.67,1.18,174.85,52.13,999.4,-0.02,,1.170331
611,02-Sep-2020 - 00:00,29.91,9.54,17.16,26.67,10.06,6.44,0.28,26.68,4.57,25.86,3.95,2.75,26.73,91.17,0.78,212.9,133.87,,0,,1.170331
612,03-Sep-2020 - 00:00,25.15,9.76,16.28,26.04,9.9,6.45,0.26,25.44,3.84,23.24,2.36,1.03,29.06,81.76,1.12,193.6,205.25,,0,,1.170331
613,04-Sep-2020 - 00:00,40.69,18.72,21.19,39.78,8.57,6.28,0.38,22.4,5.87,31.07,3.95,1.77,28.94,84.01,1.37,213.06,107.77,999.81,-0.02,,1.170331
614,05-Sep-2020 - 00:00,31.98,12.13,19.56,31.69,8.3,6,0.31,21.42,3.39,28.18,2.84,1.28,29.9,79.03,1.93,215.66,176.64,998.7,0.01,,1.170331
615,06-Sep-2020 - 00:00,26.25,10.62,14.52,25.15,9.24,6.37,0.23,22.53,1.92,24.87,1.91,0.88,30.21,79.28,2.06,215.51,226.22,999.27,0,,1.170331
616,07-Sep-2020 - 00:00,,,,,,,,,,,,,,,,,,,,,1.170331
617,08-Sep-2020 - 00:00,36.1,15.33,35,50.12,9.81,5.85,0.44,37.04,5.15,23.8,2.85,1.24,29.81,77.63,1.97,217.17,90.93,999.14,0.01,,1.170331
618,09-Sep-2020 - 00:00,49.05,10.81,32.24,43.05,9.74,6.49,0.38,27.43,3.82,25.99,2.72,1.19,30.44,78.11,1.76,220.84,191.94,998.52,0,,1.170331
619,10-Sep-2020 - 00:00,34.83,11.76,26.93,38.68,11.36,6.95,0.31,25.88,3.09,23.5,2.59,1.14,28.98,86.33,1.9,216.56,123.86,997.93,0,,1.170331
620,11-Sep-2020 - 00:00,18.57,8.17,12.84,21,15.27,7.31,0.17,22.66,2.58,22.1,1.88,0.84,29.56,79.2,1.53,220.56,131.51,998.3,0,,1.170331
621,12-Sep-2020 - 00:00,17.24,8.75,13.59,22.33,14.74,7.43,0.22,20.87,3.42,23.71,2.11,0.96,28.68,85.02,1.19,201.08,88.06,999.52,0.01,,1.170331
622,13-Sep-2020 - 00:00,13.31,8.14,11.05,19.19,15.65,7.83,0.26,21.17,3.25,22.61,2.05,0.94,29.23,82.59,1.13,226.13,111.25,999.79,0.01,,1.170331
623,14-Sep-2020 - 00:00,14.84,8.8,16.9,25.69,13.75,7.66,0.23,23.27,2.36,21.54,1.61,0.78,29.59,81.68,1.32,220.96,132.11,999.03,0.01,,1.170331
624,15-Sep-2020 - 00:00,24.69,11.59,14.5,25.99,14.38,7.05,0.37,23.82,3.93,26.05,2.4,1.13,28.65,86.66,1.31,222.35,119.57,999.34,0,,1.170331
625,16-Sep-2020 - 00:00,21.22,9.02,14.04,23.09,15.7,6.51,0.24,26.11,6.49,24.69,4.09,2.74,29.88,80.12,1.7,221.81,160.11,999,0,,1.170331
626,17-Sep-2020 - 00:00,25.28,8.05,13.8,21.84,14.83,6.44,0.24,23.98,2.91,19.64,1.7,0.79,30.67,76.93,1.91,216.74,182.32,998.52,0,,1.170331
627,18-Sep-2020 - 00:00,27.76,9.62,12.04,21.72,17.2,6.12,0.32,24.16,2.63,18.41,1.78,0.75,29.24,84.14,1.08,169.35,124.46,997.93,0,,1.170331
628,19-Sep-2020 - 00:00,34.14,8.02,16.68,24.69,13.65,6.14,0.32,22.52,2.66,21.13,1.86,0.83,30.18,78.73,0.71,126.78,155.49,995.53,0.01,,1.170331
629,20-Sep-2020 - 00:00,38.95,7.67,13.73,21.38,14.91,6.35,0.3,22.9,2.37,20.7,1.67,0.72,28.78,84.65,0.75,149.62,104.41,993.89,0,,1.170331
630,21-Sep-2020 - 00:00,14.51,7.64,9.74,17.39,15.77,6.68,0.21,23.96,1.06,16.78,1.08,0.47,27.73,90.38,0.88,113.27,94.11,993.7,0,,1.170331
631,22-Sep-2020 - 00:00,22.82,7.92,12.5,20.42,15.96,6.67,0.25,28.8,3.59,20.79,1.73,0.76,28.08,91.39,1.15,224.84,90.97,996.6,0,,1.170331
632,23-Sep-2020 - 00:00,21.83,8.34,11.9,20.25,15.56,3.8,0.23,27.19,5.66,23.69,2.58,1.07,27.06,94.6,1.44,224.98,69.54,998.43,0,,1.170331
633,24-Sep-2020 - 00:00,29.67,9.1,15.38,24.48,14.38,7.26,0.33,22.8,5.48,25.09,2.43,1.07,28.5,88.84,1.89,218.98,127.5,999.44,0,,1.170331
634,25-Sep-2020 - 00:00,34.17,9.83,16.04,25.87,14.21,7.99,0.39,20.73,7.4,29.43,5.04,3.48,27.74,90.98,1.78,219.26,73.96,998.25,0,,1.170331
635,26-Sep-2020 - 00:00,36.51,8.03,18.08,26.11,13.3,7.97,0.3,20.85,5.38,24.55,2.63,1.21,27.53,94.6,1.3,224.44,74.07,997.67,0.01,,1.170331
636,27-Sep-2020 - 00:00,43.92,8.36,14.63,22.99,14.25,7.37,0.3,23.64,3.05,20.55,1.89,0.86,28.78,78.46,1,195.24,173.45,998.4,0.01,,1.170331
637,28-Sep-2020 - 00:00,77.25,10.69,16.18,26.69,16.24,22.57,0.59,20.47,4.8,26.6,3.31,1.58,28.79,88.11,0.9,208.52,82.27,998.9,0.01,,1.170331
638,29-Sep-2020 - 00:00,41.86,13.84,15.14,28.84,15.55,8.29,0.61,21.04,5.37,23.93,3.18,1.52,29.52,82.19,0.93,182.89,153.01,998.69,0.01,,1.170331
639,30-Sep-2020 - 00:00,30.11,10.4,17.77,28.17,13.52,8.63,0.72,23.27,3.57,20.29,2.27,1.04,29.27,81.28,0.62,181.64,128.77,998.21,0,,1.170331
640,01-Oct-2020 - 00:00,23.64,8.43,12,20.43,15.27,8.77,0.53,25.77,2.06,15.42,1.53,0.64,28.75,80.71,0.66,99.96,127.95,997.89,0,,0.843462
641,02-Oct-2020 - 00:00,21.44,8.36,14.26,22.63,14.65,9.6,,22.96,2.23,16.85,1.46,0.64,28.59,84.2,0.81,165.36,132.72,998.55,0.01,,0.843462
642,03-Oct-2020 - 00:00,30.89,8.94,10.01,18.95,15.57,9.59,,21.36,2.15,19.09,1.75,0.79,28.3,86.94,0.75,157.55,126.92,999.17,0,,0.843462
643,04-Oct-2020 - 00:00,36.61,9.14,10.29,19.43,15.73,9.66,,21.87,2.75,19.65,2.07,0.97,27.77,89.01,0.83,139.69,87.3,998.98,0,,0.843462
644,05-Oct-2020 - 00:00,30.15,9.72,10.32,20.04,15.54,8.58,,22.83,2.56,19.61,1.99,0.91,27.58,90.68,0.8,163.49,97.8,999.45,0,,0.843462
645,06-Oct-2020 - 00:00,25.79,10.83,13.18,23.94,17.96,7.8,,22.58,3.98,18.82,3.23,2.21,27.93,88.3,0.83,208.53,133.44,999.85,0.01,,0.843462
646,07-Oct-2020 - 00:00,27.34,8.53,14.39,22.92,14.31,7.75,,26.05,4.26,18.7,1.99,0.86,28.27,86.26,1.17,212.52,151.52,,0,,0.843462
647,08-Oct-2020 - 00:00,39.83,11.18,14.59,25.66,13.84,13.13,,25.15,7.58,21.87,2.79,1.3,28.74,83.92,1.12,199.6,108.94,,0.01,,0.843462
648,09-Oct-2020 - 00:00,60.5,13.96,15.55,29.5,13.24,7.67,,22.91,11.03,27.5,5.25,2.39,29.2,85.79,1.01,208.99,138.48,,0.01,,0.843462
649,10-Oct-2020 - 00:00,59.9,10.69,17.72,28.41,13.15,6.92,,19.69,7.47,28.09,4.96,2.2,28.79,84.9,1.12,177.34,103.66,999.65,0.01,,0.843462
650,11-Oct-2020 - 00:00,53.24,10.36,21.35,31.71,11.26,7.01,,19.81,4.34,20.62,2.72,1.23,28.52,83.98,0.81,195.46,131.82,998.65,0.01,,0.843462
651,12-Oct-2020 - 00:00,53.78,11.63,17.84,29.47,12.55,7.26,,19.04,6.04,22.41,3.69,1.73,29.4,79.4,0.85,186.52,116.19,998.77,0.01,,0.843462
652,13-Oct-2020 - 00:00,48.79,10.62,13.89,24.51,12.17,7.54,,21.48,6.34,21.59,4.03,2.53,30.16,74.92,0.9,172.18,153.75,998.98,0,,0.843462
653,14-Oct-2020 - 00:00,19.98,8.4,10.81,19.21,11.98,7.66,,23.68,2.26,18.21,1.73,0.76,29.59,77.92,0.69,155.42,127.72,999.62,0.01,,0.843462
654,15-Oct-2020 - 00:00,24.51,8.71,9.9,18.62,12.36,7.3,,25.09,3.09,16.96,1.73,0.77,29.63,76.36,0.9,125.89,132.11,999.27,0,,0.843462
655,16-Oct-2020 - 00:00,49.04,13.39,13.33,26.72,10.91,6.68,1.33,30.45,6.57,20.91,3.07,1.37,29.04,79.63,1.24,186.86,108.16,999.05,0,,0.843462
656,17-Oct-2020 - 00:00,75.74,13.06,13.1,26.26,11.29,6.61,,28.63,,,,,30.05,73.3,1.41,180.85,138.51,999.17,0.01,,0.843462
657,18-Oct-2020 - 00:00,82.52,9.36,12.71,22.08,11.62,6.52,,26.68,,,,,29.22,80.32,1.58,186.46,98.89,,0,,0.843462
658,19-Oct-2020 - 00:00,69.08,13.31,15.47,28.78,9.54,6.83,,29.09,,,,,28.32,84.26,1.62,230.34,107.28,999.55,0.01,,0.843462
659,20-Oct-2020 - 00:00,83.91,10.66,20.07,30.74,9.39,6.26,,28.51,,,,,29.2,75.81,1.2,177.58,129.39,999.85,0,,0.843462
660,21-Oct-2020 - 00:00,20.17,9.23,9.87,19.16,12.16,7.11,,27.82,,,,,28.23,80.86,1.05,73.89,146.91,,0,,0.843462
661,22-Oct-2020 - 00:00,16.18,8.02,8.45,16.46,12.78,7.77,0.15,28.67,1.72,3.09,1.07,0.73,25.62,89.56,1.45,72.13,69.96,999.28,0,,0.843462
662,23-Oct-2020 - 00:00,21.04,8.68,9.27,17.89,12.46,7.7,0.32,34.21,1.56,2.63,0.65,0.19,24.88,93.97,1.28,229.96,56.95,997.67,0,,0.843462
663,24-Oct-2020 - 00:00,27.41,9.11,25.1,34.2,7.5,7.66,0.99,32.15,1.68,2.74,1.07,0.38,26.26,83.26,1.42,220.44,121.6,999.45,0,,0.843462
664,25-Oct-2020 - 00:00,50.8,9.16,18.65,27.8,9.82,7.85,0.95,33.59,3.54,5.54,2.5,0.97,27.3,79.96,1.26,253.72,122.26,,0.01,,0.843462
665,26-Oct-2020 - 00:00,89.11,10.94,19.34,30.28,8.73,9.27,0.57,37.96,6.52,8.01,4.54,1.87,27.26,66.98,1.09,226.74,143.04,,0.01,,0.843462
666,27-Oct-2020 - 00:00,101.07,8.79,21.44,30.21,9.23,11.87,0.01,39.73,5.35,6.27,3.4,1.34,27.77,54.92,0.67,231.39,160.92,,0.02,,0.843462
667,28-Oct-2020 - 00:00,115.43,8.18,17.43,25.61,10.49,10.97,0.07,36.67,4.83,4.83,1.83,0.63,27.18,61.08,0.87,234.36,123.68,,-0.01,,0.843462
668,29-Oct-2020 - 00:00,83.46,8.41,15.83,24.24,10.73,8.43,0.54,38.94,4.61,4.78,1.72,0.52,27.65,67.33,1.2,228.67,120.86,,-0.03,,0.843462
669,30-Oct-2020 - 00:00,77.41,8.01,13.65,21.67,11.35,8.28,0.75,36.21,2.88,2.96,1.33,0.35,28.35,63.42,1.42,265.3,153.53,,0,,0.843462
670,31-Oct-2020 - 00:00,71.92,8.07,12.81,20.86,11.56,7.5,0.66,33.07,3.37,5.77,1.31,0.48,26.96,75.06,1.02,216.48,91.24,,0,,0.843462
671,01-Nov-2020 - 00:00,22.79,8.25,9.8,18.05,12.22,5.98,1,26.35,1.44,2.42,0.38,0.17,27.73,81.46,0.98,82.82,131.03,,-0.01,,0.843462
672,02-Nov-2020 - 00:00,29.42,8.25,11.2,19.46,11.72,5.48,0.91,30.75,2.56,5.09,0.98,0.47,27.81,78.75,1.03,130.81,136.12,,-0.01,,0.843462
673,03-Nov-2020 - 00:00,111.16,8.31,16.26,24.57,10.21,7,0.67,29.64,5.14,10.21,2.52,0.86,27.57,63.66,1.22,242.83,123.94,,0,,0.843462
674,04-Nov-2020 - 00:00,136.17,10.2,21.09,31.32,10.3,16.25,0.37,54.67,6.77,12.17,4.31,2.35,26.26,44.2,1.11,237.87,134.27,,0,,0.843462
675,05-Nov-2020 - 00:00,130.21,12.46,20.38,32.9,9.09,18.23,0.43,64.95,7.62,15.86,4.01,1.85,25.54,44.74,0.29,107.96,128.12,,0.01,,0.843462
676,06-Nov-2020 - 00:00,140.76,10.52,19.18,29.71,9.91,14.09,0.32,65.82,9.23,19.98,5.45,2.3,25.08,46.43,0.18,165.78,137.76,,0.01,,0.843462
677,07-Nov-2020 - 00:00,145.79,11.01,19.19,30.31,10.14,14.54,0.23,69.63,5.75,11.81,3.25,1.14,24.06,49.38,0.22,229.31,130.99,,0,,0.843462
678,08-Nov-2020 - 00:00,123.24,14.28,19.61,33.88,9.31,11.14,0.33,47.71,5.92,7.59,3.4,1.41,24.16,55.03,0.27,193.76,142.37,,0,,0.843462
679,09-Nov-2020 - 00:00,93.78,11.44,19.31,30.74,9.34,12.38,0.31,30.34,6.06,12.85,3.98,1.68,24.5,60.92,0.2,140.61,133.27,,0,,0.843462
680,10-Nov-2020 - 00:00,74.49,9.09,14.41,23.52,12.62,10.91,0.51,52.86,6.35,11.43,4.3,2.5,27.33,53.9,0.39,130.16,150.29,,0.02,,0.843462
681,11-Nov-2020 - 00:00,59.49,9.35,14.31,23.65,10.82,13.39,0.18,44.38,4.39,8.62,2.15,0.82,27.14,51.61,0.58,141.88,164.19,,-0.01,,0.843462
682,12-Nov-2020 - 00:00,62.11,9.08,16.96,26.05,10.51,16.31,0.27,40.63,4.06,14.79,2.48,0.93,26.75,49.8,0.27,223.01,130.64,,0,,0.843462
683,13-Nov-2020 - 00:00,66.78,9.57,13.48,23.08,11.63,12.21,0.39,54.48,3.56,8.37,2,0.75,26.75,48.8,0.31,158.61,162.93,,0,,0.843462
684,14-Nov-2020 - 00:00,115.69,8.68,13.7,22.38,11.36,14.52,0.24,67.26,4.78,6.01,2.17,0.87,26.05,47.74,0.26,133.96,129.83,,-0.01,,0.843462
685,15-Nov-2020 - 00:00,137.05,9.15,14.51,23.65,10.81,14.06,0.28,60.02,4.43,6.07,2.88,1.1,25.85,47.84,0.24,207.37,139.02,,0,,0.843462
686,16-Nov-2020 - 00:00,125.26,9.1,17.18,26.29,10.19,16.36,0.39,46.88,6,6.42,3.08,1.21,25.58,48.92,0.22,249.39,144.69,,-0.01,,0.843462
687,17-Nov-2020 - 00:00,166.49,10.03,18.3,28.34,10.68,19.96,0.29,53.73,9.52,15.05,4.33,1.91,24.98,57.32,0.23,212.07,124.69,,0,,0.843462
688,18-Nov-2020 - 00:00,158.92,8.61,16.09,24.69,13.84,20.65,0.19,62.44,8.79,11.7,3.13,1.29,25.85,59.95,0.22,172.3,113.1,,0,,0.843462
689,19-Nov-2020 - 00:00,108.5,8.97,14.91,23.82,13.71,16.41,0.23,45.36,6.61,11.42,3.31,1.35,26.17,68.44,0.39,219.15,120.87,,0,,0.843462
690,20-Nov-2020 - 00:00,111.33,8.78,13.77,22.54,14.12,15.68,0.23,36.76,5.58,7.92,2.51,0.94,26.75,73.15,1.15,237.51,100.94,,0,,0.843462
691,21-Nov-2020 - 00:00,159.96,9.24,14.18,23.43,13.79,10.71,0.14,24.74,7.49,10.38,3.13,1.19,23.59,88.42,0.54,217.1,58.36,,-0.02,,0.843462
692,22-Nov-2020 - 00:00,113.42,11.41,14.4,25.81,12.91,12.67,0.17,59.56,4.42,6.12,2.12,1,22.07,54.11,0.34,179.57,138.8,,-0.01,,0.843462
693,23-Nov-2020 - 00:00,129.13,11.86,15.82,27.67,18.79,12.88,0.5,61.67,10.14,15.44,7.29,4.73,20.95,50.3,0.29,161.7,132.67,,-0.01,,0.843462
694,24-Nov-2020 - 00:00,128.36,8.9,15.41,24.3,19.65,15.94,0.28,43.18,5.61,13.14,3.39,1.3,20.86,57.45,0.16,199.5,104.63,,0,,0.843462
695,25-Nov-2020 - 00:00,121.16,10.03,15.46,25.48,17.76,15.29,0.19,32.66,7.17,13.91,3,1.22,21.58,66.7,0.17,219.98,101.22,,0,,0.843462
696,26-Nov-2020 - 00:00,127.54,11.93,16.2,28.14,14.29,16.64,0.18,26.8,9.36,15.87,3.94,1.64,21.65,70.45,0.14,219.17,71.97,,0.01,,0.843462
697,27-Nov-2020 - 00:00,93.61,11.45,16.74,28.2,14.83,16.4,0.16,30.73,4.01,7.56,1.68,0.57,22.83,63.36,0.33,252.78,125.58,,0,,0.843462
698,28-Nov-2020 - 00:00,105.19,11.58,20.37,31.95,14.15,18.12,0.22,54.62,3.98,7.15,1.72,0.62,23.08,55.36,0.24,239.12,134.02,,0,,0.843462
699,29-Nov-2020 - 00:00,131.87,12.74,22.86,35.6,13.38,17.6,0.25,52.22,5.7,7.96,3.01,1.17,22.32,54.65,0.23,218.22,114.53,,0,,0.843462
700,30-Nov-2020 - 00:00,120.57,15.96,25.07,41.03,12.36,18.42,0.18,52.15,6.63,12.11,3.02,1.27,22.31,49.79,0.18,238.08,135.75,,-0.01,,0.843462
701,01-Dec-2020 - 00:00,181.52,20.93,29.71,50.69,16.64,20.2,0.16,43.52,11.83,21.05,8.15,4.91,21.93,53.31,0.19,230.97,118.83,,0,,0.692308
702,02-Dec-2020 - 00:00,176.25,17.42,29.93,47.35,15.42,22.6,0.35,36.72,11.1,20.97,6.83,3.4,21.51,59.01,0.17,210.94,113.14,,0,,0.692308
703,03-Dec-2020 - 00:00,208.43,25.23,31.81,57.05,13.86,30.32,0.67,42.82,14.56,26.7,8.92,4.75,21.71,61.64,0.14,209.79,104.12,,-0.01,,0.692308
704,04-Dec-2020 - 00:00,258.44,28.26,32.65,60.91,13.89,27.11,1.15,38.7,20.18,31.19,12.07,6.34,22.16,66.42,0.16,187.21,97.73,,-0.01,,0.692308
705,05-Dec-2020 - 00:00,202.71,14.3,26.72,41.01,17.69,27.07,1.34,45.75,13.38,18.76,6.76,3.06,22.41,65.06,0.18,210.03,122.59,,0,,0.692308
706,06-Dec-2020 - 00:00,198.58,15.21,26.24,41.46,17.39,22.35,1.4,39.28,11.13,16.49,6.6,3.02,22.68,69.24,0.16,210.41,105.8,,0,,0.692308
707,07-Dec-2020 - 00:00,156.91,11.83,24.39,36.22,18.87,27.04,1.24,36.42,9.19,13.61,4.42,1.96,23,69.29,0.2,196.88,114.72,,0,,0.692308
708,08-Dec-2020 - 00:00,196.51,11.74,21.25,32.97,19.69,11.49,1.43,23.13,11.18,12.68,3.29,1.43,20.24,88.6,0.32,164.86,79.23,,0.01,,0.692308
709,09-Dec-2020 - 00:00,195.41,12.37,21.58,33.97,19.06,13.45,1.47,21.72,10.86,13.82,3,1.23,19.74,91.7,0.21,184.26,74.39,,0.01,,0.692308
710,10-Dec-2020 - 00:00,179.78,17.05,23.06,40.11,16.74,11.38,1.52,26.65,11.88,17.32,4.48,1.94,20.72,87.89,0.31,187.19,115.02,,0,,0.692308
711,11-Dec-2020 - 00:00,148.18,14.01,18.71,32.55,20.2,8.15,1.26,31.4,8,8.99,1.7,0.68,18.28,93.26,0.38,109.73,64.3,,-0.01,,0.692308
712,12-Dec-2020 - 00:00,164.19,11.75,19.78,31.52,19.39,15.65,1.18,37.13,7.62,10.28,2.13,0.81,18.86,83.17,0.24,216.97,107.21,,-0.08,,0.692308
713,13-Dec-2020 - 00:00,200.6,19.79,24.37,44.15,15.17,22.33,1.78,30.57,14.64,15.43,7.5,3.35,20.91,78.08,0.13,206.93,114.17,,-0.01,,0.692308
714,14-Dec-2020 - 00:00,191.26,13.21,21.1,34.31,18.85,11.07,1.35,33.44,11.22,12.89,5.21,2.34,21.55,71.58,0.19,170.47,109.73,,-0.01,,0.692308
715,15-Dec-2020 - 00:00,144.98,13.56,21.34,34.91,18.56,14.4,1.15,37.99,8.27,17.22,4.04,1.62,22.16,60.38,0.24,183.93,102.18,,-0.01,,0.692308
716,16-Dec-2020 - 00:00,146.75,17.08,21.08,38.22,22.26,20.25,1.29,36.87,9.64,15.19,5.01,3.04,21.82,57.38,0.29,147.01,102.02,,-0.02,,0.692308
717,17-Dec-2020 - 00:00,154.31,16.09,22.03,38.12,17.41,17.8,1.28,35.15,8.94,15.8,4.64,2.1,21.08,58.23,0.16,205.63,108.96,,-0.09,,0.692308
718,18-Dec-2020 - 00:00,139.69,20.17,20.89,41.01,17.08,25.87,1.18,41.31,9.97,14.64,4.73,2.21,19.52,56.24,0.27,218.83,125.48,,-0.01,,0.692308
719,19-Dec-2020 - 00:00,153.82,11.04,20.1,31.14,14.53,14.78,1.11,46.25,6.53,7.75,1.76,0.77,17.11,48.54,0.33,193.11,107.17,,-0.01,,0.692308
720,20-Dec-2020 - 00:00,178.24,11.92,21.52,33.44,13.72,15.19,1.27,39.11,5.67,5.93,1.97,0.77,16.74,52.72,0.19,210.03,120.64,,-0.02,,0.692308
721,21-Dec-2020 - 00:00,246.31,15.3,25.62,40.92,12.6,21.49,1.95,26.71,9.85,15.03,4.53,2.03,16.85,63.71,0.21,234.37,99.65,,-0.02,,0.692308
722,22-Dec-2020 - 00:00,248.34,14.38,26.27,40.65,11.89,20.84,1.89,27.54,10.65,13.38,4.74,2.03,17.77,67.66,0.17,226.19,109.67,,-0.01,,0.692308
723,23-Dec-2020 - 00:00,180.46,14.86,23.13,37.98,12.62,20.43,1.83,32.76,10,16.08,4.97,2.12,19.42,63.53,0.19,203.75,134.19,,0,,0.692308
724,24-Dec-2020 - 00:00,156.98,13.05,21.62,34.68,13.71,13.93,1.74,31.52,8.68,17.08,4.36,1.85,19.77,63.58,0.23,164.41,109.7,,0.01,,0.692308
725,25-Dec-2020 - 00:00,161.84,11.84,21.06,32.9,14.04,15.64,1.61,31.15,7.65,12.89,3.62,1.43,18.67,65.63,0.15,228.17,93.09,,-0.01,,0.692308
726,26-Dec-2020 - 00:00,183.67,13.24,22.69,35.93,13,16.26,1.72,33.43,7.74,13.28,3.82,1.55,18.56,55.62,0.17,171.3,119.84,,0,,0.692308
727,27-Dec-2020 - 00:00,191.3,17.74,24.89,42.62,11.59,19.5,2.04,28.95,8.84,11.18,4.89,2.09,17.81,53.78,0.15,195.63,112.55,,0,,0.692308
728,28-Dec-2020 - 00:00,218.45,15.66,24.81,40.43,16.4,19.07,2.38,31.39,10.4,16.17,5.51,2.63,18.17,57.9,0.2,170.96,120.11,,0,,0.692308
729,29-Dec-2020 - 00:00,239.16,19.64,26.63,46.28,10.11,21.83,2.94,27.52,15.69,30.44,8.59,4.16,18.16,60.8,0.22,170.19,101.99,,-0.01,,0.692308
730,30-Dec-2020 - 00:00,167.88,11.14,22.61,33.77,14.63,17.52,1.84,37.57,6.44,13.11,4.43,1.53,21.02,49.22,0.2,179.71,139.56,,0,,0.692308
731,31-Dec-2020 - 00:00,158.61,11.39,23.66,35.05,13.91,28.64,1.87,32.97,9.03,12.22,4.86,3.03,19.1,50.98,0.24,266.32,96.72,,0.01,,0.692308
